use mmcp;
SET SQL_SAFE_UPDATES = 0;
SET FOREIGN_KEY_CHECKS=0;

DROP TABLE IF EXISTS `material_brand`;
/*!40101 SET @saved_cs_client     = @@character_set_client */;
/*!40101 SET character_set_client = utf8 */;
CREATE TABLE `material_brand` (
  `id` int(11) NOT NULL AUTO_INCREMENT,
  `name` varchar(50) NOT NULL,
  PRIMARY KEY (`id`)
) ENGINE=InnoDB AUTO_INCREMENT=171 DEFAULT CHARSET=utf8;
/*!40101 SET character_set_client = @saved_cs_client */;

--
-- Dumping data for table `material_brand`
--

LOCK TABLES `material_brand` WRITE;
/*!40000 ALTER TABLE `material_brand` DISABLE KEYS */;
INSERT INTO `material_brand` VALUES (1,'浙江金洲'),(2,'友发'),(3,'海湾'),(4,'济南玫德'),(5,'京安'),(6,'潍坊竣泽'),(7,'三薪马钢CK'),(8,'江苏国强'),(9,'上海精嘉'),(10,'江南电缆'),(11,'沪安'),(12,'上海日泰'),(13,'浙江奇杰'),(14,'鑫环球'),(15,'江苏南亚'),(16,'上海应发'),(17,'华勇'),(18,'海尔'),(19,'芜湖铁扇'),(20,'兴盛'),(22,'鑫汇通'),(23,'威逊'),(24,'鸿雁'),(25,'沪航'),(26,'金盾'),(27,'郎阁'),(28,'徐州淮海'),(29,'竣通'),(30,'浙江恒安'),(31,'沪通'),(32,'安徽禹王'),(33,'张家港宏宇'),(34,'上海松江'),(35,'无锡博海'),(36,'奥德利'),(37,'埃美柯'),(38,'上海华钢'),(39,'无锡宏华'),(40,'上海海申'),(41,'上海应发'),(42,'江苏华菱'),(43,'新兴'),(44,'上海精工'),(45,'吉人'),(46,'苏州华宏'),(47,'浙江龙威'),(48,'盛骏'),(49,'山西太古玛钢'),(50,'格罗那'),(51,'上海成峰'),(52,'文安华塑'),(53,'科创仪表'),(54,'信核'),(55,'嘉发'),(56,'艾维科'),(57,'深圳赋安'),(58,'正丰'),(59,'昌乐宝力'),(60,'江南打字'),(61,'上海东哲'),(62,'远大'),(63,'远东打字'),(64,'上海金盾'),(65,'上海犀劲'),(66,'迈克'),(67,'公元'),(68,'华鹏'),(69,'常熟福安'),(70,'远红'),(71,'昆山创安'),(72,'沈高'),(73,'上虞特风'),(74,'加士利'),(75,'南京国泰'),(76,'上海沪航'),(77,'神龙'),(78,'威泰'),(79,'快达'),(80,'欧司朗'),(81,'东君'),(82,'福建闽沙'),(83,'上虞清华'),(84,'北大青鸟'),(85,'宁波杰克龙'),(86,'美之林'),(87,'施耐德'),(88,'广源'),(89,'西门子'),(90,'核中警'),(91,'琼花'),(92,'邮宁'),(93,'山西宏亮'),(94,'上虞金钢'),(95,'无锡万里'),(96,'健鼎'),(97,'上海东方'),(98,'宁波吉龙'),(99,'曙光'),(100,'上海康大'),(101,'中南'),(102,'正大'),(103,'金山'),(104,'山西开阔'),(105,'浙江佑安'),(106,'盐城永大'),(107,'远东'),(108,'冠军'),(109,'临湖'),(110,'上海上仪'),(111,'上虞强盛'),(112,'四川消防'),(113,'苏州三泰'),(114,'江苏双富'),(115,'清通'),(116,'泰州太平洋'),(117,'长江'),(118,'打沪安字'),(119,'山东盛博'),(120,'健鼎'),(121,'云路'),(122,'振大'),(123,'沪嘉'),(124,'沧浪'),(125,'泛海三江'),(126,'泰州华铭'),(127,'威逊字'),(128,'太仓光诺'),(129,'北京杰瑞泽'),(130,'杭州泉泰'),(131,'上海连成'),(132,'江都国泰'),(133,'上海沪工'),(134,'九龙'),(135,'不要品牌'),(136,'上海金桥'),(137,'山西新华'),(138,'靖江同兴'),(139,'天广'),(140,'新远程'),(141,'绿岛风'),(142,'昌兴'),(143,'吉水'),(144,'安徽同发'),(145,'上海通华'),(146,'敏华电工'),(147,'罗大'),(148,'金鑫'),(149,'钻石'),(150,'江山民安'),(151,'菲优特'),(152,'泰永'),(153,'德派森'),(154,'江郎峰'),(155,'正泰'),(156,'新纪元'),(157,'浙江叁益'),(158,'江苏广汇'),(159,'泉泰'),(161,'玛钢XSJ'),(162,'上海虹桥'),(163,'竹箦'),(164,'闽太'),(165,'福建闽太'),(166,'金刚'),(167,'汇东暖通'),(168,'河北国盛'),(169,'福建三辉'),(170,'天丰');
/*!40000 ALTER TABLE `material_brand` ENABLE KEYS */;
UNLOCK TABLES;

--
-- Table structure for table `material_category`
--

DROP TABLE IF EXISTS `material_category`;
/*!40101 SET @saved_cs_client     = @@character_set_client */;
/*!40101 SET character_set_client = utf8 */;
CREATE TABLE `material_category` (
  `id` int(11) NOT NULL AUTO_INCREMENT,
  `name` varchar(50) NOT NULL,
  PRIMARY KEY (`id`)
) ENGINE=InnoDB AUTO_INCREMENT=39 DEFAULT CHARSET=utf8;
/*!40101 SET character_set_client = @saved_cs_client */;

--
-- Dumping data for table `material_category`
--

LOCK TABLES `material_category` WRITE;
/*!40000 ALTER TABLE `material_category` DISABLE KEYS */;
INSERT INTO `material_category` VALUES (1,'钢材类'),(2,'电线电缆'),(3,'火灾报警设备'),(4,'桥架'),(5,'KBG管'),(7,'消防器材'),(8,'阀门'),(9,'卡箍件'),(10,'喷淋设备'),(11,'水泵'),(12,'水箱'),(13,'风机风阀'),(14,'控制柜'),(15,'卷帘门'),(16,'人防设备'),(17,'挡烟垂壁'),(18,'油漆'),(19,'井盖'),(20,'应急灯'),(21,'其他'),(22,'镀锌配件'),(23,'广播系统'),(24,'风管'),(25,'消防通风(两用)低噪声柜式离心风机'),(26,'液位计'),(27,'消防水箱'),(28,'压力表'),(29,'照明'),(30,'铁盖板'),(31,'高径法兰'),(32,'边墙排风机'),(33,'常闭多叶送风口'),(34,'正三通'),(36,'消防箱'),(37,'风口'),(38,'PE管');
/*!40000 ALTER TABLE `material_category` ENABLE KEYS */;
UNLOCK TABLES;


DROP TABLE IF EXISTS `material_material`;
/*!40101 SET @saved_cs_client     = @@character_set_client */;
/*!40101 SET character_set_client = utf8 */;
CREATE TABLE `material_material` (
  `id` int(11) NOT NULL AUTO_INCREMENT,
  `name` varchar(50) NOT NULL,
  `alias` varchar(150) DEFAULT NULL,
  `category_id` int(11) DEFAULT NULL,
  `specification_id` int(11) DEFAULT NULL,
  `unit_id` int(11) DEFAULT NULL,
  `specification` varchar(250) DEFAULT NULL,
  PRIMARY KEY (`id`),
  KEY `material_material_6f33f001` (`category_id`),
  KEY `material_material_9f07568a` (`specification_id`),
  KEY `material_material_b9dcc52b` (`unit_id`),
  CONSTRAINT `category_id_refs_id_5acf0bf5` FOREIGN KEY (`category_id`) REFERENCES `material_category` (`id`),
  CONSTRAINT `specification_id_refs_id_24907d40` FOREIGN KEY (`specification_id`) REFERENCES `material_specification` (`id`),
  CONSTRAINT `unit_id_refs_id_43092818` FOREIGN KEY (`unit_id`) REFERENCES `material_unit` (`id`)
) ENGINE=InnoDB AUTO_INCREMENT=5525 DEFAULT CHARSET=utf8;
/*!40101 SET character_set_client = @saved_cs_client */;

--
-- Dumping data for table `material_material`
--

LOCK TABLES `material_material` WRITE;
/*!40000 ALTER TABLE `material_material` DISABLE KEYS */;
INSERT INTO `material_material` (name, category_id, specification_id, unit_id, specification) VALUES ('镀锌无缝钢管',1,1,1,'DN200'),('镀锌无缝钢管',1,2,1,'DN150'),('镀锌无缝钢管',1,3,1,'DN100'),('镀锌钢管',1,4,1,'DN80'),('镀锌钢管',1,5,1,'DN65'),('消火栓箱',7,11,5,'普通消火栓DN65（内含MF/ABC4*3） 单栓'),('消火栓箱',7,12,5,'普通消火栓DN65（内含MF/ABC5*3）单栓'),('消火栓箱',7,13,5,'减压稳压消火栓DN65（内含MF/ABC5*3）单栓'),('消火栓',7,14,5,'试验消火栓DN65 单栓'),('蝶阀',8,1,3,'DN200'),('闸阀',8,2,3,'DN150'),('可调式减压阀',8,2,4,'DN150'),('Y型过滤器',8,2,3,'DN150'),('止回阀',8,3,3,'DN100'),('不锈钢金属波纹管',8,2,2,'DN150'),('压力表',8,28,5,''),('自动排气阀',8,9,4,'DN25'),('消防水箱',12,30,6,'箱泵一体化4*4*2'),('镀锌钢管',1,6,1,'DN50'),('镀锌钢管',1,7,1,'DN40'),('镀锌钢管',1,8,1,'DN32'),('镀锌钢管',1,9,1,'DN25'),('快速反应喷头',10,31,3,'K-ZSTZ-15/68℃'),('隐蔽式喷头',10,32,3,'ZSTDY-15/68℃'),('水喷头',10,33,4,'有吊顶，下喷；普通装饰喷头，K=80'),('水喷头',10,34,4,'无吊顶,下喷（风管下喷）；DN15，K=80'),('水喷头',10,35,3,'无吊顶，上喷；93°，K=80'),('水喷头',10,36,4,'无吊顶，侧喷；易熔合金DN15，K=80'),('蜗轮信号蝶阀',8,2,3,'ZSXF-150-D'),('蜗轮信号蝶阀',8,3,3,'ZSXF-100-D'),('水流指示器',8,2,3,'ZSJZ/M-150'),('水流指示器',8,3,3,'ZSJZ/M-100 '),('减压孔板',21,2,4,'DN150'),('湿式报警阀',8,2,6,'ZSFZ-150'),('流量计',8,3,6,'DN100'),('末端试水装置',8,9,8,'DN25'),('试水阀',8,9,4,'DN25'),('螺纹阀门',8,9,4,'DN25'),('不锈钢波纹管',8,4,4,'DN80'),('不锈钢波纹管',8,133,4,'DN70'),('不锈钢波纹管',8,6,4,'DN50'),('不锈钢波纹管',8,7,4,'DN40'),('不锈钢金属波纹管',8,8,2,'DN32'),('一般穿墙套管',21,6,4,'DN50'),('端子箱',3,NULL,3,NULL),('手报',3,335,3,'带地址码'),('消火栓按钮',3,335,3,'带地址码'),('广播',3,740,6,'吸顶式'),('气体探测器',3,NULL,3,NULL),('输入输出模块',3,63,3,''),('电话线',2,66,1,'WDZCN-BYJ-1.5'),('电源线',2,67,1,'WDZCN-BYJ-2.5'),('低烟无卤电线',2,67,1,'WDZCN-BYJ-2.5'),('低烟无卤电线',2,66,1,'WDZCN-BYJ-1.5'),('低烟无卤控制电缆',2,68,1,'WDZCN-KYJY-4*2.5'),('风机强启线',2,68,1,'WDZCN-KYJY-4*2.5'),('水泵强启线',2,68,1,'WDZCN-KYJY-4*2.5'),('湿式报警阀直启线',2,68,1,'WDZCN-KYJY-4*2.5'),('液位信号线',2,66,1,'WDZCN-BYJ-1.5'),('电缆桥架',4,69,1,'防火桥架（200+100）*100'),('电缆桥架',4,70,1,'防火桥架（150+50）*100'),('报警联动一体机',3,71,6,'消防控制主机（含CRT/LCD显示）'),('电气配管',21,72,1,'SC25'),('金属软管',21,73,1,''),('自动报警系统',21,74,10,'装置调试2000点'),('漏电报警模块',3,75,3,'电气火灾探测器63A'),('漏电报警模块',3,76,3,'电气火灾探测器160A'),('漏电报警模块',3,77,3,'电气火灾探测器250A'),('漏电报警模块',3,78,3,'电气火灾探测器400A'),('漏电报警模块',3,79,3,'电气火灾探测器800A'),('远程控制器',3,80,6,'电气火灾控制器'),('电气配线',2,82,1,'ZR-RVS-2*1.5'),('电气配管',21,83,1,'SC20'),('镀锌无缝钢管',1,49,1,'DN250'),('不锈钢软接头',8,49,4,'DN250'),('不锈钢软接头',8,1,4,'DN200'),('Y型过滤器',8,49,3,'DN250'),('Y型过滤器',8,1,3,'DN200'),('闸阀',8,49,3,'DN250'),('闸阀',8,1,3,'DN200'),('低压碳钢平焊法兰',9,49,11,'DN250'),('低压碳钢平焊法兰',9,1,11,'DN200'),('低压碳钢平焊法兰',9,2,11,'DN150'),('泄压安全阀',8,2,4,'DN150'),('流量计',8,2,6,'DN150'),('浮球阀',8,468,4,'DN15'),('浮标液面计',21,92,8,'液位仪'),('离心式泵（主材甲供）',11,93,6,'室内消防栓水泵组'),('配电箱',14,94,6,'室内消防栓水泵控制柜'),('离心式泵（主材甲供）',11,95,6,'室外消防栓水泵组 '),('配电箱',14,96,6,'室外消防栓水泵控制柜'),('离心式泵（主材甲供）',11,97,6,'喷淋水泵组 '),('配电箱',14,98,6,'喷淋水泵水泵控制柜'),('止回阀',8,1,3,'DN200'),('球墨铸铁管',21,1,1,'DN200'),('球墨铸铁管',21,2,1,'DN150'),('球墨铸铁管',21,3,1,'DN100'),('消火栓',7,101,5,'室外单栓'),('消防水泵接合器',11,102,5,'SQS150'),('阀门井',21,103,12,'砌筑阀门井'),('土方',21,104,13,'挖沟槽土方'),('防火卷帘门',15,105,14,'FRD2028'),('防火卷帘门',15,106,14,'FRD2428'),('防火卷帘门',15,107,14,'FRD2928'),('防火卷帘门',15,108,14,'FRD3028'),('防火卷帘门',15,109,14,'FRD3628'),('防火卷帘门',15,110,14,'FRD4148'),('防火卷帘门',15,111,14,'FRD4228'),('防火卷帘门',15,112,14,'FRD4248'),('防火卷帘门',15,113,14,'FRD5128'),('防火卷帘门',15,114,14,'FRD5258'),('防火卷帘门',15,115,14,'FRD5928'),('防火卷帘门',15,116,14,'FRD7528'),('防火卷帘门',15,117,14,'FRD7628'),('防火卷帘门',15,118,14,'FRD7728'),('防火卷帘门',15,119,14,'FRD8228'),('防火卷帘门',15,120,14,'FRD8728'),('防静电地板',21,121,15,'不详'),('气体喷头',10,8,4,'DN32'),('配电箱',14,122,6,'模块箱'),('按钮',3,123,3,'紧急启停按钮'),('报警装置',20,126,6,'放气指示灯'),('气体灭火控制器',3,NULL,6,NULL),('阻燃电线',2,128,1,'ZR-BVR-1.5'),('贮存装置',21,130,5,'IG541瓶组（包括贮存气体瓶、压力软管灭火剂单向阀、启动管单向阀、气体瓶组架等）'),('启动装置',3,131,5,'包含启动装置及相应管路设备、泄压装置'),('泄压装置',3,121,5,'不详'),('刚性防水套管',21,132,4,'大小不分'),('镀锌钢管',1,133,1,'DN70'),('闭式下喷头',10,496,4,'K80，68°C'),('减压孔板',21,3,4,'DN100'),('灭火器',7,135,5,'MF/ABC3*2'),('消火栓箱壳',7,136,5,'DN65单栓，QZ19水枪，25米JPSO.8-19，箱体2具灭火器'),('吸顶扬声器',7,137,4,''),('层显',3,NULL,3,NULL),('模块',3,738,4,'切换/中继模块'),('接线箱',21,121,4,''),('阻燃电线',2,138,1,'ZR-RVS-2*2.5'),('电线电缆',2,138,1,'ZR-RVS-2*2.5'),('低烟无卤控制电缆',2,141,1,'WDZN-KYJYP-2*1.5'),('低烟无卤控制电缆',2,142,1,'WDZN-KYJYP-2*2.5'),('低烟无卤控制电缆',2,143,1,'WDZN-KYJYP-4*2.5'),('蜗轮信号蝶阀',8,6,3,'ZSXF-50-D'),('蜗轮信号蝶阀',8,51,3,'ZSXF-125-D'),('信号蝶阀',8,133,4,'DN70'),('水流指示器',8,51,3,'ZSJZ/M-125'),('水流指示器',8,133,3,'ZSJZ/M-70'),('减压孔板',21,6,4,'DN50'),('蝶阀',8,9,3,'DN25'),('蝶阀',8,51,3,'DN125'),('比例式减压阀组',8,153,5,'调压比例3：1'),('水力警铃',3,121,4,'不详'),('不锈钢波纹管',21,154,8,'0.6m'),('湿式报警阀',8,51,6,'ZSFZ-125'),('蝶阀',8,133,3,'DN70'),('消火栓箱壳',7,155,5,'双立管双栓室内消火栓箱，箱底2具灭火器'),('消火栓箱',7,156,5,'单立管单栓室内消火栓箱，箱底2具灭火器'),('III型减压稳压消火栓箱',7,155,5,'双立管双栓室内消火栓箱，箱底2具灭火器'),('III型减压稳压消火栓箱',7,156,5,'单立管单栓室内消火栓箱，箱底2具灭火器'),('屋顶消防水箱',12,121,5,'不详'),('低烟无卤控制电缆',2,157,1,'WDZN-KYJYP-4*1.5'),('低烟无卤控制电缆',2,158,1,'WDZN-KYJYP-4*4'),('低烟无卤电线',2,159,1,'WDZN-RVB-2*0.5'),('低烟无卤电线',2,717,1,'压力开关控制线'),('漏电报警模块',3,121,3,'不详'),('防火桥架',4,160,1,'100*100'),('防火桥架',4,161,1,'200*100'),('报警主机',3,121,5,'不详'),('电话主机',3,121,5,''),('广播主机',3,121,5,'不详'),('CRT',3,NULL,5,NULL),('消防电源',3,121,5,'不详'),('多线联动控制盘',3,NULL,5,NULL),('漏电报警主机',3,121,5,'不详'),('广播',3,162,3,'5W,120V'),('低烟无卤控制电缆',2,164,1,'WDZN-KYJYP-12*1.5'),('风机多线',2,144,1,'WDZN-KYJYP-8*1.5'),('层显通讯线',2,144,1,'WDZN-KYJYP-8*1.5'),('低烟无卤控制电缆',2,718,1,'WDZN-KYJY-2*1.0'),('电话线',2,165,1,'WDZN-KYJY-2*1.0'),('阻燃电线',2,166,1,'ZR-BV-4*2.5'),('漏电报警模块',3,168,4,'500mA'),('漏电报警模块',3,169,4,'160A/500mA'),('漏电报警模块',3,170,4,'200A/500mA'),('漏电报警模块',3,171,4,'50A/500mA'),('耐火电线',2,172,1,'NH-RVSP-4*1.5'),('XQJ-FHC',4,173,1,'400*100'),('室内消火栓水泵 ',11,174,6,'Q=30L/S，H=130m，N=75kw'),('自动喷淋水泵 ',11,175,6,'Q=40L/S，H=140m，N=90kw'),('屋顶消防水箱补水泵',11,176,6,'Q=1L/S，H=125m，N=4.0kw'),('闸阀',8,5,3,'DN65'),('闸阀',8,7,3,'DN40'),('止回阀',8,2,3,'DN150'),('截止阀',8,6,3,'DN50'),('减压阀',8,2,4,'DN150'),('持压泄压阀',8,3,4,'DN100'),('Y型过滤器',8,7,3,'DN40'),('橡胶接头',21,2,4,'DN150'),('橡胶接头',21,49,4,'DN250'),('橡胶接头',21,7,4,'DN40'),('钢管套管+',21,182,1,'DN150  2.5mm'),('槽钢',1,195,1,'6#'),('正三通',9,3,3,'DN100'),('弯头',9,2,3,'DN150'),('弯头',9,3,3,'DN100'),('机械三通',9,185,3,'DN100*32'),('机械四通',9,186,3,'DN100*40'),('三通',9,188,3,'DN50*25'),('侧大三通',9,189,3,'DN40*25*32'),('侧大三通',9,190,3,'DN32*25*25'),('中大三通',9,191,3,'DN50*40'),('弯头',9,9,3,'DN25*90°'),('大小头',9,192,3,'DN65*25'),('丝杆',21,194,1,'10#'),('镀锌钢管',1,196,1,'DN150*4.50'),('镀锌钢管',1,197,1,'DN100*4.00'),('消火栓箱壳',7,198,4,'2000*750*200 左开'),('消火栓箱壳',7,199,4,'2000*750*200 右开'),('消火栓箱',7,200,5,'单栓（DN65,含4㎏磷酸铵盐灭火器2具，减压阀）'),('消火栓箱壳',7,201,5,'双栓（DN65,含4㎏磷酸铵盐灭火器2具，减压阀）'),('消火栓箱壳',7,202,5,'双栓（DN65,含4㎏磷酸铵盐灭火器2具）'),('灭火器',7,16,5,'MF/ABC4*2'),('蝶阀',8,3,3,'DN100'),('蝶阀',8,5,3,'DN65'),('可调式减压阀',8,3,4,'DN100'),('橡胶软接头',8,3,3,'DN100'),('套管',21,206,4,'穿楼层套管DN150'),('金属波纹管',21,2,4,'DN150'),('电气配管',21,209,4,'消防接线端子箱'),('耐火电线',2,732,1,'NH-RVS-2*1.5'),('低烟无卤电线',2,731,1,'WDZN-BYJ(F)-4'),('低烟无卤电线',2,730,1,'WDZN-BYJ(F)-1.5'),('耐火电线',2,729,1,'NH-RVVP-2*1.0'),('金属防火桥架',4,214,1,'100*50'),('烟感',3,NULL,3,NULL),('短隔',3,NULL,3,NULL),('自动报警系统装置调试',3,121,10,'不详'),('正压送风机',13,219,6,'SWF-I-8  L=25400m/h H=300Pa N=4KW'),('正压送风机',13,220,6,'SWF-I-9 L=42000m/h H=900Pa N=18.5KW'),('正压送风机',13,221,6,'SWF-I-9  L=37000CMH H=1000Pa N=18.5KW'),('壁式轴流风机',13,222,6,'XBDZ-A-2.5 L=600CMH H=40Pa N=0.025KW'),('软管接口',21,223,4,'防火软接'),('镀锌钢板风管',24,224,15,'镀锌风管 0.75mm ,法兰框,支吊架,弯头三通'),('风阀',13,225,4,'280°排烟防火阀，250*250'),('调节阀',13,226,3,'止回阀 ∅800'),('调节阀',13,227,3,'风量调节阀 ∅250'),('压力传感器',3,121,3,'不详'),('碳钢风口、散流器',13,228,4,'单层百叶风口，1200*900'),('碳钢风口、散流器',13,229,4,'自垂百叶送风口，500*1000'),('碳钢风口、散流器',13,230,4,'自垂百叶送风口，400*250'),('碳钢风口、散流器',13,231,4,'自垂百叶送风口，400*200'),('碳钢风口、散流器',13,232,4,'百叶风口，1600*630'),('碳钢风口、散流器',13,233,4,'防火风口，250*250'),('铜球阀',8,9,3,'DN25'),('套管',21,235,4,'穿楼层套管DN100'),('套管',21,236,4,'穿楼层套管DN200'),('蝶阀',8,2,3,'DN150'),('橡胶软接头',8,2,3,'DN150'),('金属波纹管',21,3,4,'DN100'),('低烟无卤电线',2,728,1,'WDZBN-BYJ-2.5'),('低烟无卤电线',2,727,1,'WDZBN-RYJS-4*1.5'),('低烟无卤电线',2,726,1,'WDZBN-RYJS-2*1.5'),('区域报警器',3,121,6,'不详'),('镀锌钢管',1,2,1,'DN150'),('消火栓箱',7,242,5,'单栓（DN65,含4㎏磷酸铵盐灭火器2具）'),('阻燃电线',2,725,1,'ZR-BV-1.5'),('阻燃电线',2,722,1,'ZR-RVVP-4*1.5'),('模块',3,248,3,'消防广播模块'),('弱电手孔井',19,249,3,'800*600*800'),('土方开挖',21,250,13,'管沟土方、回土'),('报警联动一体机',3,121,6,''),('静音排风机',13,251,6,'FV-25NS3C L=1500CMH H=100Pa N=350W/220V'),('碳钢风口、散流器',13,252,4,'单层百叶风口，250*250'),('碳钢风口、散流器',13,253,4,'自垂百叶送风口，630*320'),('碳钢风口、散流器',13,254,4,'防雨百叶风口，500*400'),('灭火器',7,256,5,'MF/ABC5*2'),('下喷',10,257,4,'DN15*68°C K=80'),('水泵接合器',11,258,4,'DN150地上式'),('气体灭火系统',3,121,10,'不详'),('阻燃电线',2,720,1,'ZR-BV-2*1.5'),('阻燃电线',2,719,1,'ZR-BYJ-1.5'),('温感',3,NULL,3,NULL),('排风机',13,262,6,'HL3-2A-2.5 L=6500CMH H=240Pa n=960r/min N=1.1KW'),('排风机',13,263,6,'SWF-I-9HL3-2A-5.5 L=6500CMH H=240Pa n=960r/min'),('排风兼排烟风机',13,264,6,'L=27000CMH  H=570Pa n=960r/min N=7.5kw'),('排风兼排烟风机',13,265,6,'PYHL-14A-8 L=22000CMH H=550Pa n=960r/min N=5.5KW'),('补风机',13,266,6,'HL3-2A-8.5 L=15000CMH H=280Pa n=720r/min N=3KW'),('补风机',13,267,6,'HL3-2A-8 L=12000CMH H=280Pa n=720r/min N=2.2KW'),('排风兼事故风机',13,268,6,'HL3-2A-7 L=12000CMH H=400Pa n=960r/min N=3KW'),('排风扇',13,269,6,'L=600CMH H=40Pa N=30W 220V'),('排风扇',13,270,6,'L=800CMH H=40Pa N=30W 220V'),('消声器',13,271,4,'2000*500'),('消声器',13,272,4,'2000*400'),('消声器',13,273,4,'800*400'),('消声弯头',13,274,4,'1000*1000'),('静压箱',13,275,4,'1500*1500*2800'),('静压箱',13,276,4,'1500*1000*2800'),('风阀',13,277,4,'280°排烟防火阀，800*400'),('风阀',13,278,4,'280°排烟防火阀，2000*400'),('风阀',13,279,4,'280°排烟防火阀，2000*500'),('调节阀',13,280,3,'止回阀 ∅950'),('调节阀',13,281,3,'止回阀 ∅900'),('碳钢风口、散流器',13,282,4,'格栅排风口，200*200'),('碳钢风口、散流器',13,283,4,'格栅排风口，800*500'),('碳钢风口、散流器',13,284,4,'格栅排风口，500*500'),('碳钢风口、散流器',13,285,4,'格栅排风口，600*600'),('碳钢风口、散流器',13,286,4,'防火风口，1250*600'),('碳钢风口、散流器',13,287,4,'防火风口，1250*2000'),('碳钢风口、散流器',13,288,4,'防火风口，400*200'),('碳钢风口、散流器',13,289,4,'百叶风口，500*500'),('碳钢风口、散流器',13,290,4,'百叶风口，800*800'),('特级防火卷帘门',15,291,15,'含电驱及本体控制箱'),('通风工程检测、调试',21,121,10,'不详'),('机械四通',9,298,3,'DN100*40*25'),('弯头',9,300,3,'DN65*90°'),('三通',9,306,3,'DN50*32'),('三通',9,308,3,'DN65*25'),('中大三通',9,310,3,'DN32*25'),('四通',9,310,3,'DN32*25'),('弯头',9,301,3,'DN50*45°'),('弯头',9,302,3,'DN40*45°'),('弯头',9,300,3,'DN65*45°'),('弯头',9,303,3,'DN32*45°'),('弯头',9,304,3,'DN25*45°'),('大红漆',18,318,17,'配稀料'),('防锈漆',18,318,17,'配稀料'),('玻璃丝布',21,121,1,'不详'),('沥青漆',21,121,17,'不详'),('焊接弯头',9,3,3,'DN100*90°'),('焊接弯头',9,3,3,'DN100*45°'),('焊接弯头',9,2,3,'DN150*90°'),('焊接弯头',9,2,3,'DN150*45°'),('焊接弯头',9,4,3,'DN80'),('焊接正三通',9,3,3,'DN100'),('镀锌钢管（电气）',1,4,1,'DN80'),('大红漆',18,NULL,17,'13KG'),('松香水',21,NULL,17,'约7.5KG'),('槽钢',1,322,1,'8#'),('槽钢',1,323,1,'10#'),('钢板',1,324,18,'100*100*8mm'),('钢板',1,326,18,'150*150*8mm'),('圆钢',1,195,1,'6#'),('消火栓箱壳',7,327,5,'DN65双栓，QZ19水枪，25米JPSO.8-19，箱体2具灭火器'),('厚壁镀锌钢管',1,2,1,'DN150*5.10'),('厚壁镀锌钢管',1,4,1,'DN80*4.60'),('减压孔板',21,328,4,'26mm减压孔板 减压0.73MPa\'DN65'),('减压孔板',21,329,4,'\'30mm减压孔板 减压0.56MPa\'DN65'),('减压孔板',21,330,4,'\'32mm减压孔板 减压0.38MPa\'DN65'),('减压孔板',21,331,4,'\'38mm减压孔板 减压0.17MPa\'DN65'),('截止阀',8,9,3,'DN25'),('遥控信号阀',8,5,4,'DN65'),('遥控信号阀',8,6,4,'DN50'),('水流指示器',8,5,3,'ZSJZ/M-65'),('水流指示器',8,6,3,'DN50'),('防结露保温',21,334,13,'橡塑粘接25mm厚'),('声光',3,335,5,'带地址码'),('低烟无卤控制电缆',2,716,1,'WDZN-KYJY-4*1.0'),('阻燃控制电缆',2,337,1,'ZR-KVV-4*1.5'),('阻燃控制电缆',2,338,1,'ZR-KVV-2*1.5'),('低烟无卤控制电缆',2,339,1,'WDZN-KYJY-2*2.5'),('低烟无卤控制电缆',2,340,1,'WDZN-KYJY-2*1.5'),('阻燃控制电缆',2,341,1,'ZR-KVV-2*4'),('阻燃电线',2,140,1,'ZR-RVB-2*1.0'),('低烟无卤控制电缆',2,344,1,'WDZN-KVVP-4*2.5'),('明配管',21,346,1,'SC20'),('SWF-I-9混流风机',13,347,6,'SWF-I-9 L=26000CMH H=430Pa N=5.5kW/380V，960rpm，火灾时开启'),('PF-RF-1/4  壁用换气扇',13,348,6,'580CMH，22W/220V'),('PF-RF-2/3  壁用换气扇',13,349,6,'280CMH，16W/220V'),('自垂式百叶送风口',13,350,4,'300*700'),('自垂式百叶送风口',13,351,4,'350*1200'),('远控多叶送风口',13,352,4,'300*(1500+250)'),('防雨百叶（配防虫网）',13,353,4,'200*200'),('防雨百叶（配防虫网）',13,354,4,'400*200'),('70°C防火（调节）阀',13,353,4,'200*200'),('70°C防火（调节）阀',13,354,4,'400*200'),('70°C防火（调节）阀',13,355,4,'1000*400'),('70°C防火（调节）阀',13,356,4,'1200*350'),('卸压阀',13,355,4,'1000*400'),('机制无法兰镀锌钢板排风管',24,357,15,'δ=0.75 咬口周长4000mm以内'),('试验消火栓箱',7,360,5,'减压稳压屋顶试验消火栓DN65'),('厚壁镀锌钢管',1,3,1,'DN100*4.60'),('厚壁镀锌钢管',1,5,1,'DN65*4.10'),('厚壁镀锌钢管',1,8,1,'DN32*3.60'),('闸阀',8,8,3,'DN32'),('屋顶消防水箱',12,362,6,'组合式冲压不锈钢冷水箱'),('消火栓系统增压设备',12,363,6,'Q=5L/s，H=25m，N=4.0Kw，ZW(L)-I-X-13，立式隔膜式气压罐:SQL1000'),('可曲挠橡胶软接头',21,8,3,'DN32'),('截止阀',8,8,3,'DN32'),('喷头',10,365,4,'易熔合金喷头'),('喷淋系统增压设备',12,366,6,'Q=1L/S，H=25m，N=1.5kW，ZW(L)-I-Z-10，立式隔膜式气压罐：SQL800'),('电话机',3,733,4,'119专用'),('消防水箱液位显示仪',21,121,6,'不详'),('消防风机等设备紧急启动柜',14,121,6,'不详'),('火灾报警控制主机',14,121,6,'不详'),('自垂式百叶送风口',13,367,4,'350*2300'),(' 70°C防火（调节）阀',13,367,4,'350*2300'),('镀锌无缝钢管',1,5,1,'DN65'),('可曲挠橡胶软接头',21,49,3,'DN250'),('可曲挠橡胶软接头',21,2,3,'DN150'),('大小头',9,49,3,'DN250'),('大小头',9,2,3,'DN150'),('屋顶消防水箱补水泵(自带控制柜）',11,368,6,'EVMG18 14F5/15  Q=5L/s,H=150m,N=22  kw:'),('消火栓主泵XBD40-160-HY',11,369,6,'Q=40L/s,H=160m,N=110   kw '),('水泵接合器、室外阀门井、地上式消防火栓井',21,121,4,'不详'),('遥控信号阀',8,2,4,'DN150'),('上喷',10,371,3,'DN15*68℃ K=80'),('下喷',10,372,4,'DN15*68℃ K=80'),('金属转子流量计',21,3,6,'DN100'),('喷淋主泵XBD50-160-HY',11,373,6,'Q=25~40L/s,H=160m,N= 110 kw'),('灭火器箱',7,16,5,'MF/ABC4*2'),('防火卷帘门',15,374,14,'FHJLM5525 5.5*2.5'),('防火卷帘门',15,375,14,'FHJLM6925 6.9*2.5'),('挡烟垂壁',17,376,15,'最大的梁为准下垂0.5米设固定挡烟设施'),('广播',3,121,3,''),('阻燃控制电缆',2,377,1,'ZR-KVV-4*1.0'),('阻燃电线',2,715,1,'ZR-RVVP-2*1.0'),('低烟无卤控制电缆',2,379,1,'WDZN-KYJP-3*1.5'),('明配管',21,381,1,'SC32'),('混流风机 SWF-I-8',13,347,6,'26000CMH，全压430Pa，5.5kW/380V，960rpm，火灾时开启'),('混流风机HL3-2A-7A',13,382,6,'12000CMH，全压457Pa，3.0kW/380V，960rpm 火灾及平时开启'),('混流风机HL3-2A-5A',13,383,6,'5000CMH，全压198Pa，0.75kW/380V，960rpm'),('混流风机HL3-2A-4A',13,384,6,'3000CMH，全压340Pa，0.75kW/380V，1450rpm'),('混流风机 HL3-2A-6A',13,385,6,'8000CMH，全压253Pa，1.5kW/380V，960rpm 火灾及平时开启'),('混流风机 HL3-2A-4.5A',13,386,6,'6000CMH，全压325Pa，1.1kW/380V，1450rpm 火灾及平时开启'),('壁式轴流风机XBDZ-A',13,387,6,'2000CMH，全压62Pa，90W/220V，1450rpm'),('壁式轴流风机XBDZ-A',13,388,6,'500CMH，全压40Pa，30W/220V，1450rpm'),('离心风机HTFC(DT)-III-30',13,389,6,'42000CMH，全压557Pa，15.0kW/380V，500rpm火灾时开启'),('离心风机HTFC(DT)-III-28',13,390,6,'26000CMH，全压571Pa，15.0kW/380V，550rpm'),('离心风机HTFC(DT)-III-25',13,391,6,'22000CMH，全压391Pa，7.5kW/380V，500rpm 火灾及平时开启'),('离心风机HTFC(DT)-III-30',13,392,6,'36000CMH，全压568Pa，15.0kW/380V，500rpm 火灾时开启'),('离心风机HTFC(DT)-III-28',13,393,6,'32000CMH，全压462Pa，11.0kW/380V，500rpm 火灾及平时开启'),('离心风机HTFC(DT)-III-28',13,394,6,'26000CMH，全压479Pa，11.0kW/380V，500rpm 火灾及平时开启'),('离心风机HTFC(DT)-III-30',13,395,6,'37800CMH，全压568Pa，15.0kW/380V，500rpm 火灾及平时开启'),('离心风机HTFC(DT)-III-25',13,396,6,'25000CMH，全压465Pa，11.0kW/380V，550rpm火灾及平时开启'),('离心风机HTFC(DT)-III-18',13,397,6,'23000/12000CMH，全压400/300Pa，12.0/4.0kW/380V，750/520'),('离心风机HTFC(DT)-III-18',13,398,6,'12000/7000CMH，全压400/300Pa，8.0/2.8kW/380V，800/600rp'),('离心风机HTFC(DT)-III-25',13,399,6,'21600CMH，全压470Pa，11.0kW/380V，550rpm 火灾及平时开启'),('离心风机HTFC(DT)-III-18',13,400,6,'12000CMH，全压423Pa，4.0kW/380V，700rpm 火灾及平时开启'),('单层百叶风口',13,401,4,'630*630'),('单层百叶风口',13,273,4,'800*400'),('单层百叶风口',13,402,4,'800*800'),('单层百叶风口',13,403,4,'1250*320'),('单层百叶风口',13,404,4,'1250*1000'),('单层百叶风口',13,405,4,'1500*1000'),('单层百叶风口',13,406,4,'1500*300'),('单层百叶风口',13,407,4,'1500*500'),('单层百叶风口',13,408,4,'2000*1500'),('单层百叶风口',13,409,4,'2000*1600'),('280°C防火阀（常开）',13,410,4,'800*320'),('280°C防火阀（常开）',13,402,4,'800*800'),('280°C防火阀（常开）',13,411,4,'1000*320'),('280°C防火阀（常开）',13,355,4,'1000*400'),('280°C防火阀（常开）',13,412,4,'1000*700'),('280°C防火阀（常开）',13,413,4,'1500*400'),('280°C防火阀（常开）',13,414,4,'1500*630'),('280°C防火阀（常开）',13,272,4,'2000*400'),('280°C防火阀（常开）',13,415,4,'2500*400'),('280°C防火阀（常开）',13,416,4,'2500*500'),('70°C防火（调节）阀',13,417,4,'630*250'),('70°C防火（调节）阀',13,418,4,'800*500'),('70°C防火（调节）阀',13,402,4,'800*800'),('70°C防火（调节）阀',13,419,4,'1000*250'),('70°C防火（调节）阀',13,411,4,'1000*320'),('70°C防火（调节）阀',13,420,4,'1000*630'),('70°C防火（调节）阀',13,421,4,'1250*400'),('70°C防火（调节）阀',13,406,4,'1500*300'),('70°C防火（调节）阀',13,407,4,'1500*500'),('70°C防火（调节）阀',13,271,4,'2000*500'),('70°C防火（调节）阀',13,408,4,'2000*1500'),('单向止回阀',13,402,4,'800*800'),('单向止回阀',13,419,4,'1000*250'),('单向止回阀',13,411,4,'1000*320'),('单向止回阀',13,412,4,'1000*700'),('单向止回阀',13,421,4,'1250*400'),('单向止回阀',13,422,4,'1250*500'),('多叶调节阀',13,273,4,'800*400'),('多叶调节阀',13,403,4,'1250*320'),('卸压阀',13,418,4,'800*500'),('卸压阀',13,411,4,'1000*320'),('卸压阀',13,420,4,'1000*630'),('消声器',13,402,4,'800*800'),('消声器',13,411,4,'1000*320'),('消声器',13,355,4,'1000*400'),('消声器',13,412,4,'1000*700'),('消声器',13,413,4,'1500*400'),('消声器',13,414,4,'1500*630'),('消声器',13,415,4,'2500*400'),('消声器',13,416,4,'2500*500'),('消声弯头',13,418,4,'800*500'),('消声弯头',13,411,4,'1000*320'),('消声弯头',13,420,4,'1000*630'),('消声弯头',13,422,4,'1250*500'),('机制无法兰镀锌钢板排风管',24,423,15,'δ=1.0 咬口周长4000mm以内'),('机制无法兰镀锌钢板排风管',24,424,15,'δ=1.2 咬口周长4000mm以内'),('机制无法兰镀锌钢板排风管',24,425,15,'δ=0.6 咬口周长2000mm以内'),('离心球墨铸铁管',1,1,1,'DN200'),('倒流防止器',8,2,4,'DN150'),('水表',8,2,4,'DN150'),('水表井',21,121,4,'不详'),('电力电缆',2,426,1,'BTTZ4*4'),('可曲挠橡胶软接头',21,3,3,'DN100'),('Y型过滤器',8,5,3,'DN65'),('泄压阀',8,3,4,'DN100'),('止回阀',8,133,3,'DN70'),('Y型过滤器',8,3,3,'DN100'),('橡胶软接头',21,133,3,'DN70'),('液位计',21,3,4,'DN100'),('闸阀',8,431,3,'DN300'),('水表',8,3,4,'DN100'),('浮球阀',8,133,4,'DN70'),('低烟无卤电力电缆',2,714,1,'WDZN-YJY-5*2.5'),('低烟无卤电力电缆',2,713,1,'WDZN-YJY-4*4'),('低烟无卤电力电缆',2,712,1,'WDZN-YJY-4*16'),('低烟无卤电力电缆',2,711,1,'WDZN-YJY-4*6'),('低烟无卤电力电缆',2,709,1,'WDZN-YJY-4*2.5'),('单层百叶风口',13,437,4,'1200*2000'),('单层百叶风口',13,438,4,'1000*500'),('单层百叶风口',13,439,4,'500*150'),('单层百叶风口',13,440,4,'800*300'),('单层百叶风口',13,441,4,'800*2000'),('单层百叶风口',13,442,4,'2000*500'),('铁红防锈漆',18,121,17,'15KG'),('银灰漆+',18,121,17,'不详'),('角钢',1,316,1,'5#'),('角钢',1,315,1,'4#'),('厚壁弯头',9,2,3,'DN150*90°'),('厚壁弯头',9,3,3,'DN100*90°'),('厚壁弯头',9,3,3,'DN100*45°'),('厚壁弯头',9,4,3,'DN80*45°'),('厚壁弯头',9,4,3,'DN80*90°'),('厚壁弯头',9,5,3,'DN65*90°'),('沟槽式三通（厚壁）+',9,2,3,'DN150'),('沟槽式钢卡（厚壁）+',9,2,3,'DN150'),('沟槽式钢卡（厚壁）+',9,3,3,'DN100'),('直接（厚壁）',9,4,3,'DN80'),('蝶阀（厚壁）+',8,2,3,'DN150'),('蝶阀+',8,2,3,'DN150'),('直接',9,4,3,'DN80'),('弯头',9,4,3,'DN80*45°'),('三通',9,444,3,'DN80*40'),('大小头',9,446,3,'DN80*65'),('异径弯头',9,448,3,'DN25*15'),('三通',9,191,3,'DN50*40'),('侧大三通',9,450,3,'DN50*25*40'),('三通',9,193,3,'DN40*32'),('中大三通',9,193,3,'DN40*32'),('四通',9,192,3,'DN65*25'),('大小头',9,191,3,'DN50*40'),('大小头',9,188,3,'DN50*25'),('大小头',9,453,3,'DN65*50'),('大小头',9,454,3,'DN65*32'),('大小头',9,455,3,'DN65*40'),('活节+',9,8,3,'DN32'),('活节+',9,9,3,'DN25'),('大小头',9,456,3,'DN125*100'),('大小头',9,457,3,'DN125*80'),('大小头',9,458,3,'DN125*32'),('大小头',9,444,3,'DN80*40'),('大小头',9,459,3,'DN80*50'),('刚卡',9,51,3,'DN125'),('U型卡+',9,51,3,'DN125'),('U型卡+',9,3,3,'DN100'),('U型卡+',9,4,3,'DN80'),('U型卡+',9,6,3,'DN50'),('U型卡+',9,7,3,'DN40'),('U型卡+',9,8,3,'DN32'),('U型卡+',9,9,3,'DN25'),('U型卡+',9,5,3,'DN65'),('麻丝+',21,121,7,'不详'),('铅油+',21,121,17,'不详'),('正三通',9,51,3,'DN125'),('正三通',9,4,3,'DN80G'),('异径三通',9,445,3,'DN100*80'),('电动阀（信号阀）+',8,51,3,'DN125'),('电动阀（信号阀）+',8,3,3,'DN100'),('不锈钢波纹管',8,3,4,'DN100'),('不锈钢波纹管',8,51,4,'DN125'),('沟槽式法兰+',9,51,4,'DN125'),('法兰垫+',9,51,4,'DN125'),('法兰垫+',9,3,4,'DN100'),('螺杆螺母+',21,463,5,'φ16*13cm'),('螺杆螺母+',21,464,5,'φ16*7cm'),('弯头',9,51,3,'DN125*90°'),('弯头',9,51,3,'DN125*45°'),('弯头',9,51,3,'DN125*22.5°'),('弯头',9,4,3,'DN80*22.5°'),('球阀（螺纹）+',8,8,4,'DN32'),('压力表',21,468,5,'DN15'),('镀锌钢管',1,51,1,'DN125'),('低烟无卤电线',2,710,1,'WDZN-RYJS-2*1.5'),('低烟无卤电线',2,707,1,'WDZN-RVB-2*1.0'),('耐火电线',2,473,1,'NH-BV-2.5'),('耐火电线',2,685,1,'NH-RVB-2*1.0'),('耐火电线',2,475,1,'NH-RWP-2*1.0'),('软管+',21,10,19,'DN20'),('86盒盖板+',21,121,4,'不详'),('低烟无卤控制电缆',2,681,1,' WDZN-KYJYP-4*2.5'),('低烟无卤控制电缆',2,144,1,'WDZN-KYJYP-8*1.5'),('低烟无卤电线',2,682,1,'WDZN-BYJ - 2.5'),('阻燃电线',2,343,1,'ZR-BVS-2*2.5'),('低烟无卤电线',2,680,1,'WDZN-RVS-2*1.5'),('低烟无卤电线',2,671,1,'WDZN-RVS-4*1.5'),('阻燃电线',2,82,1,'ZR-RVS-2*1.5'),('阻燃电线',2,679,1,'ZR-RVB-2*0.5'),('机械三通',9,459,3,'DN80*50'),('机械三通',9,465,3,'DN80*32'),('机械三通',9,187,3,'DN100*50'),('机械三通',9,467,3,'DN125*50'),('机械三通',9,458,3,'DN125*32'),('机械四通',9,466,3,'DN80*25'),('机械四通',9,465,3,'DN80*32'),('机械四通',9,184,3,'DN100*25'),('机械四通',9,185,3,'DN100*32'),('阻燃电线',2,678,1,'ZR-BV-2.5'),('焊接钢管',1,51,1,'DN125'),('角铁',1,315,1,'4#'),('侧大三通',9,486,3,'DN50*32*25'),('丝扣法兰',9,6,20,'DN50'),('桥架三通+',9,487,3,'400*400*200'),('桥架三通+',9,488,3,'400*100*400'),('桥架三通+',9,489,3,'200*100*200'),('桥架三通+',9,490,3,'200*100*100'),('桥架三通+',9,491,3,'100*100*100'),('桥架三通+',9,492,3,'400*200*400'),('桥架三通+',9,493,3,'100*200*400'),('桥架垂直弯头',9,160,3,'100*100'),('桥架水平弯头',9,160,3,'100*100'),('桥架水平弯头',9,494,3,'400*400'),('桥架水平弯头',9,495,3,'200*200'),('水流指示器',8,6,3,'ZSJZ/M-50'),('信号阀+',8,6,4,'DN50'),('异径弯头',9,449,3,'DN50*32'),('手柄蝶阀',8,6,4,'DN50'),('速接+',9,9,4,'DN25'),('沟槽式法兰（厚壁）+',9,2,20,'DN150'),('刚卡（厚壁）',9,2,3,'DN150'),('装饰罩+',21,121,3,'不详'),('普通消火栓',7,497,3,'DN65 内丝 五铜'),('减压稳压栓',7,498,3,'DN65 内丝 五铜'),('白盖板',21,121,18,'H86'),('消火栓箱壳',7,499,5,'DN65单栓，带卷盘'),('消火栓箱壳',7,500,5,'DN65双栓，带卷盘'),('灭火器',7,501,5,'带灭火器箱，MF/ABC5*3'),('灭火器',7,502,5,'带灭火器箱，MF/ABC3*2'),('焊接法兰阀门',8,503,4,'涡轮驱动软密封蝶阀DN150'),('焊接法兰阀门',8,504,4,'涡轮驱动软密封蝶阀DN100'),('焊接法兰阀门',8,505,4,'涡轮驱动软密封蝶阀DN70'),('压力表',21,506,5,'1.6MPa 含表弯 铜球阀'),('水喷头',10,507,4,'直立型喷头DN15，动作温度68℃，K=80'),('水喷头',10,508,4,'下垂型喷头DN15，动作温度68℃，K=80'),('水喷头',10,509,4,'隐蔽型喷头DN15，动作温度68℃，K=80'),('水流指示器',8,4,3,'ZSJZ/M-80'),('水流指示器',8,7,3,'ZSJZ/M-40'),('蜗轮信号蝶阀',8,4,3,'ZSXF-80-D'),('蜗轮信号蝶阀',8,7,3,'ZSXF-40-D'),('减压孔板',21,512,4,'不锈钢板减压孔板DN100'),('减压孔板',21,513,4,'不锈钢板减压孔板DN80'),('减压孔板',21,514,4,'不锈钢板减压孔板DN40'),('电磁阀',8,2,4,'DN150'),('截止阀',8,7,3,'DN40'),('过滤器',8,10,4,'DN20'),('水灭火系统控制装置调试',21,519,10,'点数:500点以上'),('消火栓主泵',11,522,6,'消火栓主泵（卧式端吸泵）FHPa1-1,2 Q=30L/s  H=135m  P=75KW/台'),('喷淋主泵',11,523,6,'喷淋主泵（卧式端吸泵）SPPa1-1,2 Q=28L/s  H=138m  P=75KW/台'),('明杆闸阀',8,1,3,'DN200'),('明杆闸阀',8,2,3,'DN150'),('明杆闸阀',8,3,3,'DN100'),('缓闭式消声止回阀',8,2,3,'DN150'),('P型过滤器',8,1,4,'DN200'),('P型过滤器',8,3,4,'DN100'),('不锈钢软接头',8,2,4,'DN150'),('低压法兰阀门',8,531,4,'弹簧安全阀DN150'),('低压法兰阀门',8,532,4,'安全泄压阀DN100'),('低压法兰阀门',8,534,4,'电远传式液位计DN100'),('消防水泵接合器',11,2,5,'DN150'),('遥控浮球阀',8,3,4,'DN100'),('低压碳钢平焊法兰',9,3,11,'DN100'),('消火栓主泵',11,536,6,'消火栓主泵FHPa3-1,2 Q=30L/s  H=135m  P=75KW/台'),('喷淋主泵',11,537,6,'喷淋主泵（卧式端吸泵）SPPa3-1,2 Q=28L/s  H=138m  P=75KW/台'),('消火栓稳压泵',11,538,6,'消火栓稳压泵FHPa2-1,2 Q=5L/s  H=30m  P=4KW/台'),('喷淋稳压泵',11,539,6,'喷淋稳压泵SPPa2-1,2 Q=1L/s  H=30m  P=1.1KW/台'),('隔膜式气压水罐',12,540,6,'气压罐，D800*2500'),('隔膜式气压水罐',12,541,6,'气压罐，D600*2500'),('水箱',12,542,5,'不锈钢成品水箱6m*3m*2m'),('明杆闸阀',8,4,3,'DN80'),('明杆闸阀',8,5,3,'DN65'),('缓闭式消声止回阀',8,1,4,'DN200'),('缓闭式消声止回阀',8,3,3,'DN100'),('缓闭式消声止回阀',8,4,4,'DN80'),('P型过滤器',8,133,4,'DN70'),('不锈钢软接头',8,4,4,'DN80'),('不锈钢软接头',8,133,4,'DN70'),('焊接法兰阀门',8,551,4,'涡轮驱动软密封蝶阀DN80'),('低压碳钢管件',9,553,4,'DN80管件'),('低压碳钢管件',9,554,4,'DN65管件'),('低压碳钢平焊法兰',9,4,11,'DN80'),('低压碳钢平焊法兰',9,5,11,'DN65'),('焊接钢管',1,2,1,'DN150'),('手柄蝶阀',8,3,3,'DN100'),('消火栓稳压泵',11,555,6,'消火栓稳压泵FHPa4-1,2 Q=5L/s  H=30m  P=4KW/台'),('消防补水泵',11,556,6,'消防补水泵FHPa5-1 Q=1L/s  H=120m  P=3KW/台'),('消防补水泵',11,557,6,'消防补水泵FHPa6-1 Q=1L/s  H=120m'),('喷淋稳压泵',11,558,6,'喷淋稳压泵SPPa4-1,2 Q=1L/s  H=30m  P=1.1KW/台'),('水箱',12,559,5,'不锈钢成品水箱3m*3m*2.5m'),('明杆闸阀',8,6,3,'DN50'),('缓闭式消声止回阀',8,133,4,'DN70'),('缓闭式消声止回阀',8,6,4,'DN50'),('P型过滤器',8,4,4,'DN80'),('P型过滤器',8,6,4,'DN50'),('不锈钢软接头',8,6,4,'DN50'),('配电箱',14,566,6,'消防巡视柜'),('防火卷帘门',15,121,14,'不详'),('报警主机',3,NULL,6,NULL),('漏电火灾报警主机柜',14,121,6,'不详'),('消防硬件启动按钮箱',3,121,6,'不详'),('双电源切换装置',3,121,6,'不详'),('报警联动控制柜',14,121,6,'不详'),('消防广播盘',3,567,6,'HJ-1757/SW400（F）'),('消防通讯盘',3,568,6,'HJ-1756Z(F6)'),('驱动电源',3,121,6,'不详'),('图形显示系统CRT',3,NULL,6,NULL),('消防电源监视器',3,121,6,'不详'),('液位显示器',3,NULL,6,NULL),('广播',3,736,6,'壁挂式'),('吸顶广播',3,737,6,'3W 卡子固定'),('光报警装置',3,335,3,'带地址码'),('警铃',3,121,6,'不详'),('电话机',3,860,23,'通讯分机'),('模块',3,64,3,'输入模块'),('模块',3,570,3,'输出模块'),('模块',3,739,3,'控制模块'),('低烟无卤电线',2,345,1,'WDZN-BYJ-1.5'),('低烟无卤电线',2,469,1,'WDZN-BYJ-2.5'),('低烟无卤控制电缆',2,571,1,'WDZN-KYJY-4*1.5'),('低烟无卤控制电缆',2,572,1,'WDZN-KYJY-4*2.5'),('低烟无卤控制电缆',2,573,1,'WDZN-KYJY-8*2.5'),('消防排烟专用柜式离心风机箱',13,574,6,'EFY-S-01 风量40000m3/h，转速600rpm，余压600Pa，功率15KW，噪声74d'),('消防排烟专用柜式离心风机箱',13,575,6,'EFY-S-02 风量40000m3/h，转速600rpm，余压600Pa，功率15KW，噪声74d'),('排烟混流风机',13,576,6,'EFY-S-03,风量15500m3/h，转速960rpm,余压350Pa，功率4KW，噪声73dB'),('排烟混流风机',13,577,6,'EFY-S-04,风量15500m3/h，转速960rpm,余压350Pa，功率4KW，噪声73dB'),('排烟混流风机',13,578,6,'EFY-S-05,风量7200m3/h，转速960rpm,余压250Pa，功率1.5KW，噪声67d'),('排烟混流风机',13,579,6,'EFY-S-06,风量12000m3/h，转速960rpm,余压350Pa，功率2.2KW，噪声68'),('混流风机',13,580,6,'EF-S-01,风量1600m3/h，转速1450rpm,余压150Pa，功率0.55KW，噪声61'),('混流风机',13,581,6,'EF-S-02,风量16000m3/h，转速960rpm,余压250Pa，功率3KW，噪声70B（A'),('壁式轴流风机',13,582,6,'EF-S-03 风量2000m3/h，全压100Kpa，功率0.55W，噪声60dB（A）'),('壁式轴流风机',13,583,6,'风量1000m3/h，全压100Kpa，功率0.09W，噪声60dB（A）'),('混流风机',13,584,6,'SFY-S-01,风量8200m3/h，转速1450rpm,余压250Pa，功率2.2KW，噪声68'),('混流风机',13,585,6,'SFY-S-02,风量8200m3/h，转速1450rpm,余压250Pa，功率2.2KW，噪声68'),('混流风机',13,586,6,'SFY-S-03,风量6500m3/h，转速1450rpm,余压250Pa，功率2.2KW，噪声68'),('混流风机',13,587,6,'SFJ-S-01,风量40000m3/h，转速960rpm,余压650Pa，功率15KW，噪声85B'),('混流风机',13,588,6,'风量20000m3/h，转速960rpm,余压650Pa，功率11KW，噪声80B（A），重300K'),('消防排烟专用柜式离心风机箱',13,589,6,'风量20000m3/h，转速700rpm，余压700Pa，功率11KW，噪声72dB（A），重500'),('混流风机',13,590,6,'风量30000m3/h，转速960rpm,余压650Pa，功率11KW，噪声82B（A），重300K'),('碳钢调节阀',13,591,4,'防火阀HFD1000*400'),('碳钢调节阀',13,592,4,'防火阀HFD800*300'),('碳钢调节阀',13,593,4,'防火阀HFD400*200'),('碳钢调节阀',13,594,4,'防火阀HFD1500*700'),('碳钢调节阀',13,595,4,'防火阀HFD2600*400'),('碳钢调节阀',13,596,4,'防火阀FD800*400'),('碳钢调节阀',13,597,4,'防火阀FD800*300'),('碳钢调节阀',13,598,4,'防火阀FD400*200'),('碳钢调节阀',13,599,4,'防火阀FD1000*400'),('碳钢调节阀',13,600,4,'防火阀FD500*1200'),('碳钢调节阀',13,601,4,'防火阀FD1000*600'),('碳钢调节阀',13,602,4,'防火阀FD1000*550'),('碳钢调节阀',13,603,4,'防火阀FDSH 2000*500'),('碳钢调节阀',13,604,4,'止回阀 CD1000*400'),('碳钢调节阀',13,605,4,'止回阀 CD800*300'),('碳钢调节阀',13,606,4,'止回阀 CD400*200'),('碳钢调节阀',13,607,4,'止回阀 CD500*1200'),('碳钢调节阀',13,608,4,'止回阀 CD1000*600'),('碳钢调节阀',13,609,4,'止回阀 CD800*400'),('碳钢调节阀',13,610,4,'止回阀 CD1500*700'),('碳钢调节阀',13,611,4,'止回阀 CD1000*550'),('碳钢调节阀',13,612,4,'电动风阀 MD800*300'),('碳钢调节阀',13,613,4,'风量调节阀VD1200*300'),('碳钢调节阀',13,614,4,'风量调节阀VD1400*300'),('碳钢风口、散流器',13,615,4,'双层格栅风口，EG1 400*300'),('碳钢风口、散流器',13,616,4,'双层格栅风口，EG3 1000*300'),('碳钢风口、散流器',13,617,4,'双层格栅风口，EG4 1000*600'),('碳钢风口、散流器',13,618,4,'固定格栅风口，EG5 1200*300'),('碳钢风口、散流器',13,619,4,'单层格栅风口，1600*900'),('碳钢风口、散流器',13,620,4,'多叶送风口 JY-1 400*(900+250)'),('碳钢风口、散流器',13,621,4,'自垂百叶风口JY-2 500*500'),('消声器',13,622,4,'阻抗复合式消声器ZP100，接口尺寸400*200'),('消声器',13,623,4,'阻抗复合式消声器ZP100，接口尺寸1000*400'),('消声器',13,624,4,'阻抗复合式消声器ZP100，接口尺寸800*300'),('消声器',13,625,4,'阻抗复合式消声器ZP100，接口尺寸2600*400'),('碳钢通风管道',24,626,15,'矩形风管，镀锌薄板1.2，周长4000以上'),('碳钢通风管道',24,627,15,'矩形风管，镀锌薄板1.0，周长4000以内'),('碳钢通风管道',24,628,15,'矩形风管，镀锌薄板1.0，周长4000以上'),('碳钢通风管道',24,629,15,'矩形风管，镀锌薄板0.75，周长4000以内'),('碳钢通风管道',24,630,15,'矩形风管，镀锌薄板0.6，周长2000以内'),('壁式轴流风机',13,631,6,'风量2300m3/h，全压150pa，功率0.55W，噪声60dB（A）'),('丝杆',1,677,1,' Φ10'),('喷淋泵（带控制柜）+',11,637,6,'XBD40-60HY,Q=40L/s,H=60m,N=45kw'),('可调式减压阀+',8,2,3,'DN150'),('止回阀+',8,7,3,'DN40'),('橡胶接头+',21,7,3,'DN40'),('烟感底座',3,NULL,3,NULL),('大小头',9,452,3,'DN40*25'),('四通',9,189,3,'DN40*25*32'),('四通',9,640,3,'DN65*25*50'),('四通',9,450,3,'DN50*25*40'),('三通',9,455,3,'DN65*40'),('直接',9,6,3,'DN50'),('中大三通',9,452,3,'DN40*25'),('开孔器',21,8,5,'DN32'),('开孔器',21,7,5,'DN40'),('开孔器',21,6,5,'DN50'),('开孔器',21,5,5,'DN65'),('开孔器',21,4,5,'DN80'),('开孔器',21,3,5,'DN100'),('切管机切割片',21,121,20,''),('大小头',9,193,3,'DN40*32'),('转换法兰',9,3,20,'DN100'),('三通',9,641,3,'DN150*100'),('正三通',9,5,3,'DN65'),('机械三通',9,639,3,'DN150*65'),('大小头',9,642,3,'DN150*80'),('四通',9,465,3,'DN80*32'),('四通',9,444,3,'DN80*40'),('四通',9,459,3,'DN80*50'),('直接',9,9,3,'DN25'),('蜗轮蝶阀',8,3,3,'DN100'),('蜗轮蝶阀',8,5,3,'DN65'),('焊接钢管',1,1,1,'DN200'),('机械三通',9,645,3,'DN150*32'),('弯头',9,6,3,'DN50*90°'),('弯头',9,7,3,'DN40*90°'),('弯头',9,8,3,'DN32*90°'),('侧大三通',9,647,3,'DN80*65*40'),('侧大三通',9,648,3,'DN80*65*32'),('侧大三通',9,649,3,'DN65*50*40'),('侧大三通',9,650,3,'DN65*50*32'),('丝扣法兰',9,5,20,'DN65'),('消火栓箱壳',7,651,3,'1600*700*240	'),('螺栓',21,652,4,'8mm'),('正四通',9,2,3,'DN150'),('短管',22,9,4,'DN25'),('直接',9,5,4,'DN65'),('堵帽',21,9,4,'DN25'),('86盖板',21,NULL,20,NULL),('软管',21,10,19,'DN20'),('正三通',9,9,3,'DN25'),('三通',9,448,3,'DN25*15'),('接线盒',3,NULL,3,'86型'),('镀锌钢管',1,3,1,'DN100'),('消火栓箱',7,655,5,'减压稳压双栓DN65，ABC3*2，带卷盘'),('消火栓箱',7,656,5,'减压稳压单栓DN65，ABC3*2，带卷盘'),('箱泵一体化',12,657,5,'智能型箱泵一体化泵站WHDXBF-18-18/3.6-30-I Q=5L/S 消火栓调节容积300L'),('衬塑镀锌钢管',1,6,1,'DN50'),('遥控浮球阀',8,6,4,'DN50'),('水泵接合器',11,3,5,'DN100'),('不锈钢波纹管',8,5,4,'DN65'),('闸阀',8,9,3,'DN25'),('水箱',12,658,5,'22.5m3'),('气压罐',21,659,5,'300L'),('配电箱',14,660,5,'稳压泵控制箱'),('止回阀',8,4,3,'DN80'),('蝶阀',8,4,3,'DN80'),('闸阀',8,4,3,'DN80'),('配电箱',14,NULL,5,NULL),('配电箱',14,661,5,'稳压泵控制柜'),('灭火器',7,662,5,'MF/ABC5'),('灭火器箱',7,NULL,5,NULL),('灭火器',7,663,32,'MF/ABC3'),('消火栓箱',7,667,5,'减压稳压消火栓单栓DN65，带卷盘'),('消火栓箱',7,743,5,'减压稳压消火栓双栓DN65，带卷盘'),('耐火电线',2,669,1,'NH-RV1.5'),('耐火电线',2,670,1,'NH-RV-1.5'),('镀锌钢管',1,1,1,'DN200'),('信号阀',8,2,4,'DN150'),('消火栓给水泵',11,674,6,'XBD8.5/20-100-250 N=37KW Q=20L/S H=90m'),('喷淋泵',11,675,6,'XBD5.6/40-125-220 N=37KW Q=40L/S H=55m'),('电焊条',21,676,2,'碳钢'),('螺栓',21,677,4,' Φ10'),('机械四通',9,687,3,'DN150*50*40'),('机械四通',9,688,3,'DN150*32*25'),('直接',22,4,3,'DN80'),('直接',22,5,3,'DN65'),('大小头',22,292,3,'DN100*80'),('大小头',22,690,3,'DN80*50'),('大小头',22,691,3,'DN80*65'),('大小头',22,692,3,'DN65*50'),('四通',22,690,3,'DN80*50'),('三通',22,297,3,'DN100*65'),('普通栓',7,5,3,'DN65'),('灭火器',7,694,32,'MF/ABC4'),('灭火器',7,695,32,'MF/ABC5'),('侧大三通',22,696,3,'DN50*40*32'),('机械四通',9,295,3,'DN100*50'),('四通',22,697,3,'DN50*32*25*25'),('四通',22,698,3,'DN32*25*25*25'),('套管',21,51,1,'DN125'),('套管',21,699,1,'DN175'),('厚壁镀锌钢管',1,6,1,'DN50*4.10'),('厚壁镀锌钢管',1,7,1,'DN40*4.10'),('厚壁镀锌钢管',1,9,1,'DN25*3.60'),('丝杆',1,700,1,'Φ8'),('丝杆',1,701,1,'Φ6'),('丝杆',1,702,1,'Φ12'),('焊接钢管',1,3,1,'DN100'),('焊接钢管',1,4,1,'DN80'),('焊接钢管',1,5,1,'DN65'),('焊接钢管',1,6,1,'DN50'),('焊接钢管',1,7,1,'DN40'),('焊接钢管',1,8,1,'DN32'),('焊接钢管',1,9,1,'DN25'),('焊接钢管',1,10,1,'DN20'),('离心球墨铸铁管',1,2,1,'DN150'),('离心球墨铸铁管',1,3,1,'DN100'),('离心球墨铸铁管',1,4,1,'DN80'),('衬塑镀锌钢管',1,2,1,'DN150'),('衬塑镀锌钢管',1,3,1,'DN100'),('衬塑镀锌钢管',1,4,1,'DN80'),('衬塑镀锌钢管',1,5,1,'DN65'),('衬塑镀锌钢管',1,7,1,'DN40'),('衬塑镀锌钢管',1,8,1,'DN32'),('衬塑镀锌钢管',1,9,1,'DN25'),('衬塑镀锌钢管',1,10,1,'DN20'),('镀锌无缝钢管',1,6,1,'DN50'),('镀锌无缝钢管',1,7,1,'DN40'),('镀锌无缝钢管',1,8,1,'DN32'),('镀锌无缝钢管',1,9,1,'DN25'),('镀锌无缝钢管',1,10,1,'DN20'),('镀锌无缝钢管',1,51,1,'DN125'),('KBG管',5,703,1,'Φ20'),('KBG管',5,704,1,'Φ25'),('KBG管',5,705,1,'Φ32'),('三通',9,454,3,'DN65*32'),('四通',9,453,3,'DN65*50'),('侧大三通',9,450,4,'DN50*25*40'),('三通',9,451,3,'DN32*25'),('四通',9,454,3,'DN65*32'),('弯头',9,7,4,'DN40*90°'),('离心球墨铸铁管胶圈',1,2,4,'DN150'),('离心球墨铸铁管胶圈',1,3,4,'DN100'),('离心球墨铸铁管胶圈',1,1,4,'DN200'),('低烟无卤电线',2,742,1,'WDZN-BYJ-2*1.5'),('消火栓箱-单栓挂水带',7,NULL,3,NULL),('消火栓箱壳',7,NULL,3,'1600*600*240'),('消火栓箱',7,NULL,3,'800*650*240'),('消火栓箱壳',7,NULL,3,'1600*700*240'),('刚卡',9,745,3,'DN108'),('机械三通',9,747,3,'DN108*65'),('正三通',9,749,3,'DN159'),('大小头',9,750,3,'DN159*108'),('大小头',9,751,3,'DN108*25S'),('大小头',9,752,3,'DN108*65S'),('机械三通',9,752,3,'DN108*65S'),('法兰',9,745,20,'DN108'),('开孔机、压槽机、切管机',21,753,6,'配65开孔钻头及连接杆'),('丝扣法兰',22,5,20,'DN65'),('中灰防锈漆',18,NULL,17,'15KG'),('止回阀',8,5,3,'DN65'),('消火栓箱壳',7,754,4,'700*1800*240'),('消火栓箱壳',7,755,4,'750*1800*240'),('水箱',12,756,6,'WT-1  18T型号：5.0*3.0*1.5(H)m'),('火灾重复显示盘',3,NULL,6,NULL),('火灾声光报警器',3,NULL,4,NULL),('低烟无卤电线',2,758,1,'WDZN-BYJ-4'),('低压交流异步电动机',3,759,6,'30KW以下'),('消防风机',13,761,6,'11KW  37000CMH  500Pa'),('消防风机',13,762,6,'1.1KW  7500CMH  250Pa'),('消防风机',13,763,6,'11KW  30000CMH  500Pa'),('壁挂式轴流风机',13,764,6,'0.55KW  2000CMH  100Pa'),('镀锌钢板风管',24,423,15,'δ=1.0 咬口周长4000mm以内'),('镀锌钢板',24,424,15,'δ=1.2 咬口周长4000mm以内'),('镀锌钢板',24,765,15,'δ=1.2 咬口周长4000mm以上'),('镀锌钢板',24,766,15,'δ=1.0 咬口周长1120mm以内'),('70度防烟防火阀',13,418,4,'800*500'),('70度防烟防火阀',13,767,4,'700*700'),('70度防烟防火阀',13,768,4,'500*950'),('70度防烟防火阀',13,769,4,'D750'),('风管止回阀',13,769,4,'D750'),('风管止回阀',13,767,4,'700*700'),('风管止回阀',13,418,4,'800*500'),('单层百叶风口',13,770,4,'450*1550'),('单层百叶风口',13,771,4,'850*550'),('自垂百叶风口',13,768,4,'500*950'),('自垂百叶风口',13,772,4,'500*500'),('静压箱',13,773,4,'1250*900*600'),('电气配管',21,381,1,'SC32'),('低烟无卤电线',2,774,1,'WDZN-BYJ-6'),('低烟无卤电线',2,775,1,'WDZN-BYJ-10'),('低压交流异步电动机',3,776,6,'3KW以下'),('低压交流异步电动机',3,777,6,'35KW以下'),('消防风机',13,778,6,'11KW  37000CMH  700Pa'),('消防风机',13,779,6,'18.5KW  44000CMH  700Pa'),('70度防烟防火阀',13,780,4,'700*900'),('风管止回阀',13,780,4,'700*900'),('镀锌钢管',1,10,1,'DN20'),('镀锌钢管',1,468,1,'DN15'),('电动卷帘门控制箱',14,NULL,6,NULL),('煤气泄漏探测控制箱',14,NULL,6,NULL),('煤气泄漏探测器',3,NULL,3,NULL),('风机配电箱',3,781,6,'BATCE-M1'),('风机配电箱',3,782,6,'BATCE-M2'),('风机配电箱',3,783,6,'BATCE-M3'),('风机配电箱',3,784,6,'BATCE-M4'),('低压交流异步电动机',3,785,6,'13KW以下'),('排烟、通风两用离心风机',13,786,6,'2.2KW  8000CMH  300Pa'),('消防排烟、通风两用离心风机',13,787,6,'11KW  28300CMH  300Pa'),('消防排烟、通风两用离心风机',13,788,6,'3KW  5000CMH  300Pa '),('消防排烟、通风两用离心风机',13,789,6,'11KW  13500CMH  450Pa'),('消防排烟、通风两用离心风机',13,790,6,'15KW  22000CMH  450Pa'),('镀锌钢板风管',24,791,15,'δ=0.75 咬口周长2000mm以下'),('镀锌钢板风管',24,792,15,'δ=0.75 咬口周长1120mm以下'),('70度防烟防火阀',13,793,4,'800*250'),('280度防烟防火阀',13,794,4,'1100*300'),('280度电动防烟防火阀',13,438,4,'1000*500'),('280度防烟防火阀',13,795,4,'900*300'),('280度防烟防火阀',13,273,4,'800*400'),('280度防烟防火阀',13,440,4,'800*300'),('280度防烟防火阀',13,796,4,'700*300'),('风管止回阀',13,797,4,'D900'),('风管止回阀',13,438,4,'1000*500'),('风管止回阀',13,795,4,'900*300'),('风管止回阀',13,796,4,'700*300'),('风管止回阀',13,440,4,'800*300'),('风管止回阀',13,793,4,'800*250'),('多叶调节阀',13,798,4,'1000*300'),('多叶调节阀',13,440,4,'800*300'),('多叶调节阀',13,799,4,'600*400'),('多叶调节阀',13,800,4,'600*300'),('多叶调节阀',13,801,4,'600*200'),('多叶调节阀',13,802,4,'500*250'),('单层百叶风口',13,803,4,'1200*600'),('单层百叶风口',13,418,4,'800*500'),('自垂百叶风口',13,804,4,'（550+250）*450'),('自垂百叶风口',13,805,4,'（900+250）*550'),('静压箱',13,806,3,'1900*800*600'),('挡烟垂壁',17,NULL,15,'镀锌钢板'),('防火卷帘门',15,807,14,'双轨无机纤维复合特级防火卷帘SWFJ1-7836'),('静音型排风机',13,808,6,'0.17KW  1450rpm 250Pa'),('通风两用离心风机',13,809,6,'0.21KW  1200rpm 350Pa'),('通风两用离心风机',13,810,6,'0.24KW  1200rpm 400Pa'),('通风两用离心风机',13,811,6,'0.24KW  650rpm 400Pa'),('通风两用离心风机',13,812,6,'0.19KW  750rpm 300Pa'),('70度防烟防火阀',13,813,4,'1200*500'),('70度防烟防火阀',13,814,4,'700*200'),('70度防烟防火阀',13,800,4,'600*300'),('70度防烟防火阀',13,815,4,'600*150'),('70度防烟防火阀',13,439,4,'500*150'),('70度防烟防火阀',13,354,4,'400*200'),('70度防烟防火阀',13,816,4,'300*200'),('280度防烟防火阀',13,418,4,'800*500'),('风管止回阀',13,813,4,'1200*500'),('风管止回阀',13,800,4,'600*300'),('风管止回阀',13,815,4,'600*150'),('风管止回阀',13,354,4,'400*200'),('风管止回阀',13,816,4,'300*200'),('多叶调节阀',13,817,4,'400*300'),('多叶调节阀',13,354,4,'400*200'),('多叶调节阀',13,816,4,'300*200'),('多叶调节阀',13,818,4,'300*150'),('多叶调节阀',13,819,4,'250*200'),('多叶调节阀',13,353,4,'200*200'),('多叶调节阀',13,161,4,'200*100'),('单层百叶风口',13,820,4,'150*150'),('单层百叶风口',13,821,4,'350*350'),('静压箱',13,822,3,'4600*900*400'),('静压箱',13,823,3,'3000*1100*400'),('静压箱',13,824,3,'2000*1000*700'),('静压箱',13,825,3,'3800*1000*600'),('低压交流异步电动机',3,826,6,'5KW以下'),('弯头',9,2,3,'DN150*22.5°'),('机械三通',9,642,3,'DN150*80'),('井盖',19,829,3,'650*650'),('阻燃电线',2,830,24,'ZRRV-25'),('防火卷帘门',15,831,14,'双帘双轨特级'),('静电地板',21,NULL,15,NULL),('耐火控制电缆',2,832,1,'NH-KVV-12*1.5'),('耐火控制电缆',2,833,1,'NH-KVV-4*2.5'),('耐火控制电缆',2,834,1,'NH-KVV-4*1.5'),('耐火控制电缆',2,835,1,'NH-KVV-10.1.5'),('耐火控制电缆',2,836,1,'NH-KVV-6*1.5'),('耐火控制电缆',2,837,1,'NH-KVV-8*1.5'),('耐火控制电缆',2,838,1,'NH-KVV-22*1.5'),('耐火电线',2,839,1,'NH-RVS-2*1.0'),('耐火电线',2,840,1,'NH-BV-1.5'),('阻燃电缆',2,721,1,'ZR-BV-1.5'),('耐火电线',2,841,1,'NH-BYJ-3*6+E6'),('直接',22,7,4,'DN40'),('耐火电线',2,842,1,'NH-BYJ-3*4+E4'),('直接',22,10,4,'DN20'),('耐火电线',2,843,1,'NH-BYJ-3*2.5+E2.5'),('模块',3,125,3,'驱动模块'),('弯头',9,10,3,'DN20*90°'),('比例式减压阀-比例2:1',8,3,3,'DN100'),('报警控制器',3,NULL,5,NULL),('球墨铸铁管',1,3,1,'DN100'),('阻燃电线+',2,82,1,'ZR-RVS-2*1.5'),('耐火电线',2,706,24,'NH-RVS-2*1.5'),('耐火电线',2,839,24,'NH-RVS-2*1.0'),('耐火电线',2,840,24,'NH-BV-1.5'),('耐火电线',2,473,24,'NH-BV-2.5'),('短丝',22,9,3,'DN25'),('丝杆',1,194,1,'10#'),('低烟无卤电缆',2,844,NULL,'WDZN-RVS-4*2.5'),('耐火控制电缆',2,845,1,'NH-KVV-2*2.5'),('耐火控制电缆',2,846,1,'WDZN-KVV-2*2.5'),('低烟无卤控制电缆',2,847,1,'WDZN-KVV-4*2.5'),('低烟无卤控制电缆',2,848,1,'WDZN-KVV-14*2.5'),('三通',9,452,3,'DN40*25'),('阻燃电线-',2,139,1,'ZR-BV-2.5'),('低压交流异步电动机',3,849,6,'15KW以下'),('风管止回阀',13,850,4,'D800'),('风机配电箱',3,851,6,'ATCE-M1'),('风机配电箱',3,852,6,'ATCE-M2'),('风机配电箱',3,827,6,'RATCE-M1'),('风机配电箱',3,828,6,'RATCE-M2'),('70°C防火阀',13,853,4,'500*200'),('风管止回阀',13,853,4,'500*200'),('单层百叶风口',13,355,4,'1000*400'),('静压箱',13,854,3,'2050*300*300'),('消防风机',13,855,6,'2.2KW  13000CMH  200Pa'),('消防风机',13,856,6,'2.2KW  10500CMH  200Pa'),('70度防烟防火阀',13,857,4,'D450'),('静压箱',13,858,3,'1700*200*600'),('紧急启动柜',14,NULL,6,NULL),('直流消防电源',3,NULL,6,NULL),('配置备用蓄电池',3,NULL,6,NULL),('70度防烟防火阀',13,850,4,'D800'),('火灾报警控制器',3,NULL,6,NULL),('工控机',3,NULL,6,NULL),('防护闸阀',8,5,3,'DN65'),('灭火器',7,859,32,'MF/ABC2'),('防护闸阀',8,3,3,'DN100'),('按钮',3,216,3,'消火栓按钮（带地址）'),('消防排烟风机',13,861,6,'11KW  42680CMH  436Pa'),('动态节流仪',13,862,6,'NB3000-10-11'),('消防排烟风机',13,863,6,'11KW  38626CMH  492Pa'),('消防排烟风机',13,864,6,'4KW  20940CMH 396Pa'),('动态节流仪',13,865,6,'NB3000-10-7.5'),('补风机',13,866,6,'7.5KW  41000CMH  320Pa'),('补风机',13,867,6,'7.5KW  44054CMH  280Pa'),('补风机',13,868,6,'0.18KW  1232CMH  117Pa'),('补风机',13,869,6,'0.18KW 743CMH  166Pa'),('无机复合风管',24,870,15,'周长6.5米以上'),('无机复合风管',24,871,15,'周长4.5米以上'),('无机复合风管',24,872,15,'周长3.2米以上'),('无机复合风管',24,873,15,'周长2米以上'),('无机复合风管',24,874,15,'周长1.3米以上'),('无机复合风管',24,875,15,'直径1米以上'),('70度防烟防火阀',13,876,4,'2000*800'),('70度防烟防火阀',13,877,4,'1800*1500'),('70度防烟防火阀',13,405,4,'1500*1000'),('70度防烟防火阀',13,817,4,'400*300'),('70度防烟防火阀',13,878,4,'320*200'),('280度防烟防火阀',13,879,4,'2600*550'),('280度防烟防火阀',13,416,4,'2500*500'),('280度防烟防火阀',13,271,4,'2000*500'),('280度防烟防火阀',13,272,4,'2000*400'),('消声器',13,879,4,'2600*550'),('消声器',13,880,4,'2800*500'),('单层百叶风口',13,881,4,'2000*1000'),('单层百叶风口',13,877,4,'1800*1500'),('单层百叶风口',13,882,4,'1500*1500'),('单层百叶风口',13,793,4,'800*250'),('单层百叶风口',13,853,4,'500*200'),('单层百叶风口',13,817,4,'400*300'),('单层百叶风口',13,883,4,'350*200'),('单层百叶风口',13,816,4,'300*200'),('防火卷帘门',15,884,14,'双轨无机纤维复合特级防火卷帘SWFJ1-5025'),('防火卷帘门',15,885,14,'双轨无机纤维复合特级防火卷帘SWFJ1-5022'),('防火卷帘门',15,886,14,'双轨无机纤维复合特级防火卷帘SWFJ1-5027'),('补风机',13,887,6,'7.5KW  36916CMH  371Pa'),('战时排风机',13,888,6,'1.1KW  5252CMH  326Pa'),('清洁式风机',13,889,6,'2.2KW  6710CMH  3745Pa'),('滤毒式风机',13,890,6,'2.2KW  3184CMH  1495Pa'),('战时送风机',13,891,6,'1.5KW  2180CMH  729Pa'),('战时风机',13,892,6,'0.75KW 500~1100CMH  1230~580Pa '),('补风机',13,893,6,'0.37KW  2765CMH  285Pa'),('高效混流风机',13,894,6,'4KW  18223CMH  446Pa'),('高效混流风机(防爆）',13,895,6,'5.5KW  21800CMH 536Pa'),('焊接风管',24,896,15,'δ=3.0 焊接钢板直径200mm以下'),('焊接风管',24,897,15,'δ=3.0 焊接钢板直径500mm以下'),('焊接风管',24,898,15,'δ=3.0 焊接钢板直径1120mm以下'),('70度防烟防火阀',13,411,4,'1000*320'),('70度防烟防火阀',13,899,4,'630*320'),('70度防烟防火阀',13,900,4,'250*250'),('风量调节阀',13,901,4,'1000*800'),('风量调节阀',13,902,4,'1250*630'),('风量调节阀',13,903,4,'600*600'),('风量调节阀',13,799,4,'600*400'),('风量调节阀',13,904,4,'D315'),('手动双连杆密闭阀',13,905,4,'SMF30 ( Dg300) '),('手动双连杆密闭阀',13,906,4,'SMF40 ( Dg400)'),('手动双连杆密闭阀',13,907,4,'SMF50 ( Dg500)'),('手动双连杆密闭阀',13,908,4,'SMF60 ( Dg600)'),('手电动双连杆密闭阀',13,909,4,'DMF20 ( Dg200)'),('手电动双连杆密闭阀',13,910,4,'DMF30 ( Dg300)'),('手电动双连杆密闭阀',13,911,4,'DMF40 ( Dg400)'),('插板阀',13,912,4,'D400'),('插板阀',13,913,4,'D660'),('换气堵头',13,912,4,'D400'),('换气堵头',13,904,4,'D315'),('超压自动排气活门',13,914,4,'Ps-D250'),('过滤吸收器',13,915,6,'RFP-1000'),('过滤吸收器',13,916,6,'RFP-500'),('电话插孔',3,917,3,''),('模块',3,918,3,'电话专用'),('管式除尘器',13,919,6,'LWP－D-1600 4块组合'),('粗过滤器',13,920,6,'LWP-X-1200 2块组合'),('双层百叶风口',13,921,4,'800*630'),('双层百叶风口',13,923,4,'1500*800'),('双层百叶风口',13,926,4,'1200*1000'),('消火栓箱壳',7,925,5,'700*1800*240 锁在右'),('双层百叶风口',13,438,4,'1000*500'),('消火栓箱壳',7,928,5,'700*1800*240 锁在左'),('消火栓箱壳',7,929,5,'700*800*240'),('消火栓箱壳',7,930,5,'700*800*240 锁在左'),('栓头',7,5,4,'DN65'),('三通',22,NULL,3,NULL),('防化化验通风柜',14,933,6,'1000*900*1800'),('铜球阀',8,8,3,'DN32'),('耐火电线',2,934,1,'NH-RVVP-2*1.5'),('耐火电线',2,935,1,'NH-RVS-2*2.5'),('耐火电线',2,936,1,'NH-RV-2*2.5'),('耐火电线',2,937,1,'NH-RV-2.5'),('模块',3,938,3,'隔离模块'),('风机配电箱',3,939,6,'AP-DZ1 GXL-II'),('风机配电箱',3,940,6,'AP-DZ2 GXL-II'),('强启箱',3,NULL,6,NULL),('风机控制箱',3,941,6,'XZF03A-100'),('耐火控制电缆',2,942,1,'NH-KVV4*4'),('低烟无卤控制电缆',2,944,1,'WDZN-YJY-2*6'),('耐火控制电缆',2,945,1,'NH-KVV-8*2.5'),('风机控制箱',3,946,6,'SFJ1'),('风机控制箱',3,947,6,'SFJ2'),('风机控制箱',3,948,6,''),('风机控制箱',3,949,6,'PFJ2'),('耐火控制电缆',2,950,1,'NH-KVV-12*2.5'),('风机控制箱',3,951,6,'PFJ4'),('卷帘门控制箱',3,NULL,6,NULL),('屏蔽双绞线',2,953,1,'RVSP-4*2.5'),('压力表',8,NULL,5,'2.5MPA 含表弯 铜球阀'),('阻燃电线',2,956,1,'ZR-BV-4'),('低烟无卤电线',2,958,1,'WDZBN-YJY-5*4'),('低压交流异步电动机',3,959,6,'11KW以下'),('蜗轮信号蝶阀',8,1,3,'ZSXF-200-D'),('消防通风（两用）轴流风机',13,962,6,'7.5KW  35000CMH  250Pa'),('消防通风（两用）低噪声柜式离心风机',13,963,6,'11KW  31700CMH  250Pa'),('消防通风（两用）低噪声柜式离心风机',13,964,6,'7.5KW  20100CMH  250Pa'),('消防通风（两用）低噪声柜式离心风机',13,965,6,'11KW  24700CMH  250Pa'),('消防通风（两用）轴流风机',13,966,6,'7.5KW  28200CMH  250Pa'),('消防通风（两用）低噪声柜式离心风机',13,967,6,'15KW  35800CMH  250Pa'),('消防通风（两用）低噪声柜式离心风机',13,968,6,'11KW  16500CMH  250Pa'),('消防通风（两用）低噪声柜式离心风机',13,969,6,'5.5KW  10500CMH  250Pa'),('消防通风（两用）低噪声柜式离心风机',13,970,6,'11KW  24800CMH  250Pa'),('消防通风（两用）低噪声柜式离心风机',13,971,6,'5.5KW  9200CMH  250Pa'),('镀锌薄钢板风管',24,960,15,'1.2mm'),('镀锌薄钢板风管',24,972,15,'1.0mm'),('镀锌薄钢板风管',24,973,15,'0.75mm'),('消防通风（两用）低噪声柜式离心风机',13,974,6,'11KW 27000CMH  250Pa'),('消防通风（两用）低噪声柜式离心风机',13,975,6,'5.5KW 12100CMH  250Pa'),('消防通风（两用）低噪声柜式离心风机',13,976,6,'15KW 33400CMH  250Pa'),('消防通风（两用）轴流风机',13,977,6,'7.5KW  36500CMH  250Pa'),('消防通风（两用）低噪声柜式离心风机',13,978,6,'11KW 22500CMH  250Pa'),('消防通风（两用）低噪声柜式离心风机',13,979,6,'5.5KW 11400CMH  250Pa'),('1.形式:EFY-DK-19 消防通风（两用）轴流风机',13,980,6,'5.5KW  23800CMH  250Pa'),('消防通风（两用）低噪声柜式离心风机',13,981,6,'15KW 35200CMH  250Pa'),('消防通风（两用）轴流风机',13,982,6,'7.5KW  34800CMH  250Pa'),('消防通风（两用）轴流风机',13,983,6,'5.5KW  20500CMH  250Pa'),('消防通风（两用）低噪声柜式离心风机',13,984,6,'11KW 18300CMH  250Pa'),('消防通风（两用）轴流风机',13,985,6,'3KW  11000CMH  250Pa'),('排风机',13,986,6,'3KW  8600CMH  250Pa'),('诱导风机',13,987,6,'0.15KW  630~850CMH'),('编码器',3,NULL,4,NULL),('280度防烟防火阀',13,988,4,'3100*700'),('280度防烟防火阀',13,989,4,'3100*650'),('280度防烟防火阀',13,990,4,'2900*850'),('280度防烟防火阀',13,991,4,'2900*700'),('280度防烟防火阀',13,992,4,'2300*350'),('280度防烟防火阀',13,993,4,'1900*350'),('280度防烟防火阀',13,994,4,'1800*350'),('280度防烟防火阀',13,995,4,'1400*700'),('280度防烟防火阀',13,901,4,'1000*800'),('280度防烟防火阀',13,803,4,'1200*600'),('280度防烟防火阀',13,274,4,'1000*1000'),('280度防烟防火阀',13,996,4,'1000*600'),('280度防烟防火阀',13,438,4,'1000*500'),('280度防烟防火阀',13,355,4,'1000*400'),('280度防烟防火阀',13,997,4,'1000*350'),('280度防烟防火阀',13,998,4,'900*900'),('280度防烟防火阀',13,999,4,'900*700'),('280度防烟防火阀',13,402,4,'800*800'),('280度防烟防火阀',13,1000,4,'800*600'),('280度防烟防火阀',13,767,4,'700*700'),('280度防烟防火阀',13,903,4,'600*600'),('280度防烟防火阀',13,1001,4,'600*500'),('280度防烟防火阀',13,819,4,'250*200'),('280度防烟防火阀',13,1002,4,'D600'),('280度防烟防火阀',13,857,4,'D450'),('70度防烟防火阀',13,1003,4,'1500*200'),('70度防烟防火阀',13,1002,4,'D600'),('风管止回阀',13,1002,4,'D600'),('风管止回阀',13,1001,4,'600*500'),('风管止回阀',13,903,4,'600*600'),('风管止回阀',13,998,4,'900*900'),('风管止回阀',13,274,4,'1000*1000'),('风管止回阀',13,995,4,'1400*700'),('风管调节阀',13,1004,4,'1100*600'),('风管调节阀',13,996,4,'1000*600'),('风管调节阀',13,438,4,'1000*500'),('风管调节阀',13,418,4,'800*500'),('风管调节阀',13,273,4,'800*400'),('风管调节阀',13,903,4,'600*600'),('单层百叶风口',13,1005,4,'4000*1000'),('单层百叶风口',13,1006,4,'1000*200'),('调节阀',13,1005,4,'4000*1000'),('调节阀',13,1006,4,'1000*200'),('消音单层百叶排烟口',13,1007,4,'6100*400'),('消音单层百叶排烟口',13,1008,4,'6450*500'),('消音单层百叶排烟口',13,1009,4,'5600*500'),('消音单层百叶排烟口',13,1010,4,'5100*350'),('消音单层百叶排烟口',13,1011,4,'4600*1000'),('消音单层百叶排烟口',13,1012,4,'4350*1000'),('消音单层百叶排烟口',13,1013,4,'4000*450'),('消音单层百叶排烟口',13,1014,4,'3650*700'),('消音单层百叶排烟口',13,1015,4,'3650*550'),('消音单层百叶排烟口',13,1016,4,'3600*800'),('消音单层百叶排烟口',13,1017,4,'3500*850'),('消音单层百叶排烟口',13,1018,4,'3450*700'),('消音单层百叶排烟口',13,1019,4,'3450*600'),('消音单层百叶排烟口',13,1020,4,'3450*550'),('消音单层百叶排烟口',13,1021,4,'3450*450'),('消音单层百叶排烟口',13,1022,4,'3400*450'),('消音单层百叶排烟口',13,1023,4,'3250*500'),('消音单层百叶排烟口',13,1024,4,'2800*550'),('消音单层百叶排烟口',13,1025,4,'2500*600'),('消音单层百叶排烟口',13,1026,4,'2450*550'),('消音单层百叶排烟口',13,1027,4,'2400*950'),('消音单层百叶排烟口',13,1028,4,'2300*600'),('消音单层百叶排烟口',13,1029,4,'1950*1300'),('静压箱',13,1030,3,'4200*1200*400'),('静压箱',13,1031,3,'3100*700*400'),('静压箱',13,1032,3,'3100*650*400'),('静压箱',13,1033,3,'2900*850*400'),('静压箱',13,1034,3,'2900*700*400'),('静压箱',13,1035,3,'1850*1500*700'),('静压箱',13,1036,3,'1500*1500*700'),('静压箱',13,1037,3,'1500*1200*700'),('静压箱',13,1038,3,'1400*1400*700'),('静压箱',13,1039,3,'1400*1400*600'),('静压箱',13,1040,3,'1200*1200*600'),('静压箱',13,1041,3,'1200*1200*500'),('防火卷帘门',15,1042,14,'双轨无机纤维复合特级防火卷帘FRD-5022'),('防火卷帘门',15,1043,14,'双轨无机纤维复合特级防火卷帘FRD-6022'),('风管调节阀',13,1000,4,'800*600'),('耐火控制电缆',2,1044,1,'NH-KVV-2*1.5'),('耐火控制电缆',2,1045,1,'NH-KVVP-4*1.5'),('焊条',21,1046,2,'不锈钢'),('双电源配电箱',3,1047,6,'DK-ATCE-M1/3'),('双电源配电箱',3,1048,6,'DK-ATCE-M2'),('双电源配电箱',3,1049,6,'DK-ATCE-M4'),('双电源配电箱',3,1050,6,'DK-ATCE-M5/8'),('双电源配电箱',3,1051,6,'DK-ATCE-M6'),('双电源配电箱',3,1052,6,'DK-ATCE-M7/10'),('双电源配电箱',3,1053,6,'DK-ATCE-M9'),('双电源配电箱',3,1054,6,'DK-ATCE-M10/12'),('双电源配电箱',3,1055,6,'DK-ATCE-M11'),('风机按钮箱',3,NULL,6,NULL),('按钮',3,1056,4,'卷帘门按钮'),('电气配管',21,1057,1,'MT32'),('电气配管',21,1058,1,'MT25'),('电气配管',21,1059,1,'MT20'),('耐火电线',2,1060,1,'NH-BV-6'),('耐火电线',2,1061,1,'NH-BV-4'),('低烟无卤电力电缆',2,1063,1,'WDZN-YJV-5*2.5'),('低烟无卤电力电缆',2,1064,1,'WDZN-YJV-3*2.5'),('灭火器',7,1065,32,'MFT/ABC20'),('防火卷帘门',15,1066,14,'双轨无机纤维复合特级防火卷帘SWFJ1-6027'),('防火卷帘门',15,1067,14,'双轨无机纤维复合特级防火卷帘SWFJ1-4025'),('单层百叶风口',13,354,4,'400*200'),('单层百叶风口',13,1068,4,'500*300'),('防火卷帘门',15,1069,14,'双轨无机纤维复合特级防火卷帘FRD-6029'),('低烟无卤控制电缆',2,1070,1,'WDZN-KYJY-10*2.5'),('低烟无卤控制电缆',2,1071,1,'WDZN-KYJY-6*2.5'),('卷帘门',15,1072,14,'4200mm（宽）*2400mm（高），钢制'),('消防通风(两用)低噪声柜式离心风机',13,1073,6,'HTFC-II-30'),('消防通风(两用)低噪声柜式离心风机',13,1074,6,'参考型号:HTFC-II-30，详见图纸'),('消防通风(两用)低噪声柜式离心风机',13,1076,6,'HTFC-II-25，详见图纸'),('消防通风(两用)低噪声柜式离心风机',13,1077,6,'PYFB1-1/2/3/7/8/10，详见图纸'),('消防通风(两用)低噪声柜式离心风机',13,1079,6,'PYFB1-5，详见图纸'),('消防通风(两用)低噪声柜式离心风机',13,1080,6,'PYFB1-11'),('消防通风(两用)低噪声柜式离心风机',13,1081,6,'PYFB1-11，详见图纸'),('消防通风(两用)低噪声柜式离心风机',13,1084,6,'SYFB1-1/2/6/8'),('消防通风(两用)低噪声柜式离心风机',13,1086,6,'PYFB1-4/6，详见图纸'),('消防通风(两用)低噪声柜式离心风机',13,1087,6,'Q=30000m^3/h P(全)=360Pa，N=7.5kW/380V/消防电源 400rpm'),('消防通风(两用)低噪声柜式离心风机',13,1088,6,'Q=22000m^3/h P(全)=390Pa，N=7.5kW/380V/消防电源 500rpm'),('消防通风(两用)低噪声柜式离心风机',13,1089,6,'Q=25000m^3/h P(全)=370Pa，N=7.5kW/380V/消防电源 500rpm'),('消防通风(两用)低噪声柜式离心风机',13,1090,6,'Q=20000m^3/h P(全)=390Pa，N=7.5kW/380V/消防电源 500rpm'),('通风低噪声柜式离心风机',13,1091,6,'Q=2800m^3/h P(全)=340Pa，N=1.1kW/380V/消防电源 1200rpm'),('风机控制柜',14,1092,4,'详见图纸'),('70℃防火调节阀',13,1093,4,'400*320'),('70℃防火调节阀',13,1094,4,'1800*400'),('消防水带',7,5,25,'DN65'),('水枪',7,1095,3,'DN19'),('中大三通',22,NULL,3,NULL),('中大三通',22,453,3,'DN65*50'),('侧大三通',22,1096,3,'DN50*25*32'),('暗杆闸阀',8,3,3,'DN100'),('电话线',2,NULL,1,NULL),('广播线',2,NULL,1,NULL),('阻燃电线',2,1097,1,'ZR-RVB-2*1.5'),('阻燃电线',2,1098,1,'ZR-BY-2*1.5'),('双平弯头',9,2,3,'DN150'),('双平弯头',9,3,3,'DN100'),('平球',9,2,3,'DN150'),('平球',9,3,3,'DN100'),('双平短管',1,2,3,'DN150'),('双平短管',1,3,3,'DN100'),('胶圈',21,2,3,'DN150'),('止脱胶圈',21,2,3,'DN150'),('止脱胶圈',21,3,3,'DN100'),('钢纤维井盖',19,402,3,'800*800'),('钢纤维井盖',19,NULL,3,NULL),('钢纤维井盖',19,903,3,'600*600'),('钢纤维井盖',19,1099,3,'1600*800'),('异径三通',9,1100,3,'DN100×80S'),('试验消火栓箱',7,1101,3,'800×650×240'),('三通',9,465,3,'DN80*32'),('堵头',21,9,3,'DN25'),('堵头',21,5,3,'DN65'),('短丝',1,9,3,'DN25'),('阻燃电线-ZR-RVS-2*1.5',2,82,1,'ZR-RVS-2*1.5'),('阻燃电线-',2,82,1,'ZR-RVS-2*1.5'),('大红漆',21,NULL,17,'13KG'),('阻燃电线-',2,140,1,'ZR-RVB-2*1.0'),('切管机、压槽机、开孔机',21,NULL,6,NULL),('焊接法兰',9,2,20,'DN150'),('防锈漆',21,318,17,'配稀料'),('焊接法兰',9,51,20,'DN125'),('焊接法兰',9,4,20,'DN80'),('焊接偏心大小头',9,1116,3,'DN200*125'),('焊接偏心大小头',9,462,3,'DN150*100'),('焊接偏心大小头',9,642,3,'DN150*80'),('焊接大小头',9,1117,3,'DN150*125'),('焊接大小头',9,462,3,'DN150*100'),('焊接大小头',9,445,3,'DN100*80'),('法兰连接金属软接头',9,3,4,'DN100'),('线槽',4,1120,1,'150X100,中间加隔板外刷防火漆'),('法兰（PPR管件）',22,1121,20,'DN75'),('法兰（PPR管件）',22,1122,20,'DN90'),('法兰（PPR管件）',22,1123,20,'DN110'),('槽钢',1,1125,1,'14#A'),('镀锌槽钢',1,1126,1,'6.3#'),('消防线槽',4,1127,1,'150*100'),('水平弯头',21,1127,4,'150*100'),('沟槽式软接头',9,3,4,'DN100'),('沟槽式金属软接头',9,3,4,'DN100'),('软管',21,10,1,'DN20'),('软管接头',21,10,4,'DN20'),('压力表',21,1128,5,'2.5MPA 含表弯 铜球阀'),('压力表弯头',21,1129,5,'DN15'),('机械三通',9,635,3,'DN150*50'),('机械三通',9,632,3,'DN150*40'),('机械三通',9,293,3,'DN100*40'),('大小头',9,641,3,'DN150*100'),('大小头',9,633,3,'DN150*32'),('大小头',9,296,3,'DN100*25'),('大小头',9,294,3,'DN100*32'),('大小头',9,1130,3,'DN80*32'),('大小头',9,306,3,'DN50*32'),('大小头',9,310,3,'DN32*25'),('大小头',9,636,3,'DN25*15'),('弯头',22,4,3,'DN80'),('弯头',22,5,3,'DN65'),('弯头',22,8,3,'DN32'),('弯头',22,9,3,'DN25'),('四通',22,NULL,3,NULL),('侧大三通',22,NULL,3,NULL),('四通',9,641,3,'DN150*100'),('正三通',9,2,3,'DN150'),('四通',9,1131,3,'DN80*25'),('四通',9,1132,3,'DN65*40'),('中大三通',9,306,3,'DN50*32'),('四通',9,305,3,'DN50*25'),('四通',9,306,3,'DN50*32'),('正三通',9,6,3,'DN50'),('四通',9,307,3,'DN40*25'),('正三通',9,7,3,'DN40'),('正三通',9,8,3,'DN32'),('开孔器',21,5,3,'DN65'),('连接杆',21,NULL,3,NULL),('三通',9,1133,3,'DN32*25*32'),('堵头',22,9,3,'DN25'),('弯头',9,3,3,'DN100*90°'),('消火栓箱壳',7,1134,3,'SG-24D65-P型'),('消火栓箱壳',7,1135,3,'SG-24D65-J型'),('连接杆',9,NULL,2,NULL),('开孔器',9,5,3,'DN65'),('开孔器',9,6,4,'DN50'),('开孔器',9,7,3,'DN40'),('开孔器',9,8,3,'DN32'),('开孔器',9,9,3,'DN25'),('刚卡',9,3,3,'DN100'),('三通',9,1136,3,'DN80*65'),('中大三通',9,692,3,'DN65*50'),('消火栓箱壳',7,1137,3,'800*600*240'),('接线盒',21,1138,3,'四个角'),('暗杆闸阀',8,2,3,'DN150'),('不绣钢金属波纹管',8,3,2,'DN100'),('壁式轴流风机',13,1139,6,'壁式轴流风机  2000CMH，380V/120W'),('单层百叶风口',13,1140,3,'500*500'),('机械三通',9,1127,3,'DN150*100'),('井盖',19,402,4,'800*800'),('井盖',19,901,4,'1000*800'),('燃气报警线',2,1141,1,'RVV4-1.0'),('强启箱',14,NULL,6,NULL),('胶圈',21,3,4,'DN100'),('阻燃控制电缆',2,1142,1,'ZR-KVV-6*1.5'),('阻燃控制电缆',2,1143,1,'ZR-KVV-8*1.5'),('阻燃控制电缆',2,1144,1,'ZR-KVV-10*1.5'),('阻燃控制电缆',2,1145,1,'ZR-KVV-12*1.5'),('阻燃控制电缆',2,1146,1,'ZR-KVV-2*2.5'),('消防电话',3,NULL,4,NULL),('双承弯头',21,NULL,3,NULL),('双平短管',21,NULL,3,NULL),('双承弯头',21,1,3,'DN200'),('双平弯头',21,1,3,'DN200*90°'),('双平弯头',21,2,3,'DN150'),('三平三通',21,2,3,'DN150'),('双平短管',21,2,3,'DN150'),('双平短管',21,1,3,'DN200'),('70度防火阀',13,273,3,'800*400'),('调节阀',13,1093,3,'400*320'),('单百叶风口',13,NULL,3,NULL),('单百叶风口',13,1147,3,'600*250'),('液位计',26,1148,5,'线长6m'),('玻璃管液位计',26,1149,5,'长2.4米'),('机械四通',9,1150,3,'DN150*50'),('机械四通',9,1152,3,'DN150*40'),('钢板',1,1159,18,'120*120*8mm'),('正三通',22,1160,3,'DN80'),('大小头',9,NULL,3,NULL),('机械四通',9,687,4,'DN150*50*40'),('铁盖板',21,1162,4,'86型 方形'),('镀锌角钢',1,315,1,'4#'),('消防水箱',27,1164,5,'材质：SUS；尺寸：6m长*2m宽*2m高，有效容积18立方'),('钢板',1,1165,15,'δ=6mm'),('钢板',1,1166,15,'δ=8mm'),('焊接钢管',1,1167,1,'DN350'),('焊接钢管',1,1168,1,'DN250'),('大小头',9,1170,3,'DN200*125'),('消火栓箱壳',7,1171,3,'1600*700*240，单栓，挂水带'),('防护阀门，暗杆，1.6MPa,',8,1172,3,'DN100'),('浮球阀',8,5,3,'DN65'),('偏心大小头',9,1169,3,'DN250*125'),('偏心大小头',9,1116,3,'DN200*125'),('偏心大小头',9,1117,3,'DN150*125'),('弯头',9,1,3,'DN200'),('转换法兰',9,1,20,'DN200'),('法兰',9,49,20,'DN250'),('压力开关',10,NULL,5,NULL),('压力表',NULL,NULL,5,'1.6MPA 含表弯 铜球阀'),('开孔器',21,9,5,'DN25'),('白盖板',3,1174,18,'H86'),('三通',22,1176,3,'DN32*25*32'),('三通',22,1177,3,'DN32'),('三通',22,1178,3,'DN80*50*80'),('中大三通',22,1179,3,'DN50*80*50'),('中大三通',22,1180,3,'DN40*80*40'),('三通',22,1181,3,'DN80*40*80'),('大小头',22,1182,3,'DN80*40'),('大小头',22,1183,3,'DN80*32'),('大小头',22,1184,3,'DN50*40'),('大小头',22,1187,3,'DN40*32'),('大小头',22,1188,3,'DN40*25'),('异径弯头',22,1190,3,'DN40*25'),('异径弯头',22,1191,3,'DN50*25'),('PE钢带管',21,1192,1,'DN160'),('PE钢带管',21,1193,1,'DN110'),('PE对焊接弯头',21,1194,3,'DN160/90度'),('PE对焊接弯头',21,1195,3,'DN110/90度'),('PE对焊三通',21,1196,3,'DN160/160'),('PE对焊三通',21,1197,3,'DN160/110'),('PE对焊三通',21,1198,3,'DN110/110'),('PE法兰盘',21,1199,3,'DN160/40'),('PE法兰盘',21,1192,3,'DN160'),('PE法兰盘',21,1193,3,'DN110'),('PE直接',21,1192,4,'DN160'),('PE直接',21,1193,4,'DN110'),('KBG管直接',5,703,3,'Φ20'),('KBG管直接',5,704,3,'Φ25'),('KBG管直接',5,705,3,'Φ32'),('KBG管盒接',5,703,3,'Φ20'),('KBG管盒接',5,704,3,'Φ25'),('KBG管盒接',5,705,3,'Φ32'),('接线盒',21,1202,3,'86型 H=70 铁质 方'),('偏心大小头',9,1203,3,'DN200*100'),('偏心大小头',9,1204,3,'DN150*80'),('弯头',9,3,3,'DN100*22.5°'),('消火栓箱门',7,NULL,3,NULL),('异径弯头',22,1210,3,'DN25*15'),('速接',22,5,3,'DN65'),('活接',22,5,3,'DN65'),('三通',22,1212,3,'DN25*25*15'),('铜截止阀',8,9,3,'DN25'),('铜截止阀',8,8,3,'DN32'),('铜截止阀',8,7,3,'DN40'),('铜截止阀',8,6,3,'DN50'),('连接杆',21,NULL,2,NULL),('槽钢',1,1219,1,'5#'),('自垂式百叶送风口',13,1220,4,'300*600'),('白面板',13,NULL,3,NULL),('单层百页口',13,NULL,3,NULL),('自垂百页口',13,NULL,3,NULL),('正压送风口面板',13,NULL,3,NULL),('金属软管',2,NULL,19,NULL),('单层百页面板',21,NULL,3,NULL),('水泵接合器',7,2,5,'DN150'),('信号线',2,82,1,'ZR-RVS-2*1.5'),('白面板1',13,NULL,3,NULL),('白面板2',13,NULL,3,NULL),('白面板3',13,NULL,3,NULL),('白面板4',13,NULL,3,NULL),('白面板5',13,NULL,3,NULL),('单层百页口1',13,NULL,3,NULL),('单层百叶口2',13,NULL,3,NULL),('正压送风口面板2',13,NULL,3,NULL),('金属软管',2,NULL,19,NULL),('1',2,1221,1,'05'),('井盖',19,1222,5,'600*600'),('井盖',19,1223,5,'直径400'),('消火栓',7,1224,5,'1800*700*200'),('电脑',21,NULL,6,NULL),('白面板',13,1225,3,'520*1520'),('白面板',13,1226,3,'670*1520'),('白面板',13,1227,3,'610*1980'),('白面板',13,1228,3,'590*1970'),('白面板',13,1229,3,'590*1880'),('单层百页口',13,1230,3,'400*250'),('单层百叶风口',13,1231,3,'600*300'),('单层百叶风口',13,1232,3,'400*250'),('正压送风口面板',13,1233,3,'500*1500'),('自垂式百叶',13,1234,3,'300*300'),('消火栓箱门',7,1235,4,'1000*650'),('镀锌钢管-',1,1,1,'DN200'),('机械三通',9,184,3,'DN100*25'),('弯头',22,7,3,'DN40'),('弯头',22,6,3,'DN50'),('镀锌角铁',1,316,1,'5#'),('不锈钢金属波纹管',21,2,2,'DN150*16KG*300 带编织网'),('不锈钢金属波纹管',21,3,2,'DN100*16KG*300 带编织网'),('镀锌钢管',1,1236,1,'DN150*4.25'),('角铁',1,1237,1,'5#'),('耐火电缆',2,1238,1,'NH-YJV-5*6'),('手柄蝶阀',8,2,3,'DN150'),('耐火电缆',2,1239,1,'NH-YJV-4*35'),('转换法兰',9,2,20,'DN150'),('刚卡',9,2,3,'DN150'),('弯头',9,2,3,'DN150*90°'),('异径三通',9,1240,3,'DN150*100'),('桥架垂直弯头-',4,161,3,'200*100'),('机械三通',9,1242,3,'DN100*65S'),('  风机',13,1243,6,'HL3-2A-13.5A'),('加压送风机',13,1244,6,'HL3-2A-13.5A， 45000m^3/h，15kW/380V/消防电源560rpm'),('排风机',13,1246,6,'排风机HL3-2A-3.5A Q=2700m3/h，N=0.55kw，1450rpm'),('排风机',13,1247,6,'XBDZ-2.5 600m^3/h，0.025kW/220V，1450rpm'),('正压送风风口',13,1248,4,'450*1800（带70°C电动防护阀）'),('正压送风风口',13,1249,3,'450*500（带70°C电动防护阀）'),('自垂百叶送风口带调节阀',13,1250,4,'300*400'),('手动对开多叶调节阀',13,1251,4,'800*1000'),('电动对开多叶调节阀',13,1252,4,'800*1000'),('70°C防火阀',13,1253,4,'800*1000'),('管式消声器',13,1254,6,'ZP100-800*200'),('管式消声器',13,1255,6,'ZP100-1500*320'),('沟槽蝶阀',8,3,3,'DN100'),('丝扣法兰',22,6,3,'DN50'),('蝶阀沟槽',8,3,3,'DN100'),('消火栓箱壳',7,1258,3,'SG-24D65-J型1800*600*180'),('减压旋转栓',7,1259,3,'内丝，减压'),('减压旋转栓',7,1260,3,'内丝，DN65，减压'),('减压稳压火栓',7,1260,3,'旋转型 DN65 内丝 五铜'),('中大三通',22,691,3,'DN80*65'),('侧大三通',22,450,3,'DN50*25*40'),('侧大三通',22,189,3,'DN40*25*32'),('三通',22,452,3,'DN40*25'),('橡塑保温管',NULL,3,1,'DN100'),('消火栓箱壳',7,1261,3,'1000*700*240'),('灭火器',7,1262,32,'MFZ/ABC3'),('刚卡',9,2,3,'DN159'),('刚卡',9,1,3,'DN200'),('管式消声器',13,1263,6,'ZP100-1600*400'),('消声器',13,1264,6,'ZP100 2300*400'),('消声器',13,1265,6,'2500*450'),('管式消声器',13,1266,6,'ZP 100-2500*450'),('消声器',13,1267,6,'2500*500'),('弯头',9,4,3,'DN80*90°'),('应急双管荧光灯',20,1268,5,'220v2*28w带蓄电池，应急时间不小于90分钟'),('应急单管荧光灯',20,1269,5,'220V1*28w带蓄电池应急时间不小于90分钟'),('双管荧光灯',21,1270,5,'220V 2*28W'),('单管荧光灯',21,1271,5,'220v 1*28w'),('应急吸顶灯',20,1272,5,'220V 1*36W带蓄电池应急时间不小于90分钟'),('声控应急吸顶灯',20,1273,5,'220V1*36W带蓄电池应急时间不小于90分钟'),('安全出口指示灯',20,1274,5,'220V1*3W（自带电源，t>90分钟）'),('疏散标志灯（挂墙型）',20,1274,5,'220V1*3W（自带电源，t>90分钟）'),('疏散标志灯（链吊型）',20,1274,5,'220V1*3W（自带电源，t>90分钟）'),('疏散标志灯',20,1274,5,'220V1*3W（自带电源，t>90分钟）'),('单联双控开关',21,1275,3,'220V 10A'),('双联开关',21,1275,3,'220V 10A'),('单联开关',21,1275,3,'220V 10A'),('三联开关',21,1275,3,'220V 10A'),('五孔插座',21,1276,3,'220V 16A'),('金属软管',21,1278,19,'Φ16 30米/箱'),('金属软管',21,1279,19,'Φ20 25米/箱 '),('镀锌角钢',1,1281,2,'40*4'),('丝扣法兰',9,1282,20,'DN50 1.0MPa'),('不锈钢金属波纹管',9,1283,2,'DN100 1.0MPa'),('活接',9,6,3,'DN50'),('喷头',10,1285,4,'DN15,68度直立型喷头（K=80)'),('可燃气体探测器',3,NULL,3,NULL),('插孔电话',3,NULL,3,NULL),('端子箱',14,1286,3,'300*350'),('防水应急双管荧光灯',20,1268,5,'220v2*28w带蓄电池，应急时间不小于90分钟'),('防爆应急吸顶灯',20,1273,5,'220V1*36W带蓄电池应急时间不小于90分钟'),('铜球阀',8,1287,3,'DN15'),('压力表',28,1288,5,'1.6MPA '),('短丝',9,1290,3,'DN15*10cm'),('短丝',9,1291,3,'DN15*5cm'),('盲板',9,3,4,'DN100'),('侧大三通',22,1292,3,'DN50*32*32'),('四通',22,1293,3,'DN50*25*40*25'),('松香水',18,NULL,17,'约7.5KG'),('防火泥',21,NULL,7,NULL),('金御华府',9,4,3,'DN80'),('大小头',9,1294,3,'DN100*80'),('弯头',22,NULL,3,'DN80*45°'),('单层百叶风口',13,NULL,3,'ф370'),('单层防雨百叶',13,NULL,3,'ф370'),('球墨双承弯（90°）',1,NULL,3,'DN150*90°'),('双承中平三通',1,NULL,3,'DN150'),('球墨双承大小头',1,NULL,3,'DN150*100'),('应急壁灯',20,NULL,6,'220V 1*13W带蓄电池应急时间不小于90分钟'),('声控应急壁灯',20,NULL,5,'220V 1*36W带蓄电池应急时间不小于90分钟'),('丝接闸阀',8,NULL,3,'DN 50*10KG'),('排污泵',11,NULL,6,'37m3/h-13m-3.0kw'),('排污泵',11,NULL,6,'37m3-13m-3.0kw'),('排污泵',11,NULL,6,''),('消火栓（外丝）',21,NULL,4,'DN65'),('消火栓箱壳',21,NULL,4,'1900*750*240'),('消火栓箱',21,NULL,5,'SG23D65A-J 丁型 1900*750*240'),('消火栓箱',21,NULL,5,'SG24D65Z-J 丁型 1900*750*240'),('壁灯灯泡',29,NULL,4,''),('壁灯灯头',29,NULL,4,''),('四通',22,NULL,3,'DN50*40'),('大小头',9,NULL,3,'DN150*125'),('机械三通',9,NULL,3,'DN65*25'),('铁板',21,NULL,18,'15*15'),('四通',22,NULL,3,'DN50*32'),('铁盖板',21,NULL,3,'86 '),('铁盖板',21,NULL,3,'86型'),('盖板铁',21,NULL,3,'86型'),('球墨钢管适配器',1,NULL,3,'DN100'),('球墨配件 闷板',1,NULL,3,'DN100'),('铁红防锈漆',21,NULL,17,'15KG'),('弯头',9,NULL,3,'DN159*45°'),('防火泥',21,NULL,26,'无'),('转换法兰',9,NULL,20,'DN159'),('大小头',9,NULL,3,'DN159*50'),('直接',22,NULL,3,'DN50'),('三通',NULL,NULL,3,'DN50*25'),('中大三通',NULL,NULL,3,'DN32*40*32'),('大小头',NULL,NULL,3,'DN40*25'),('侧大三通',NULL,NULL,3,'DN40*25*32'),('直接',22,NULL,3,'DN25'),('直接',NULL,NULL,3,'DN40'),('异径弯头',NULL,NULL,3,'DN32*25'),('金属软管',2,NULL,1,'Φ16 30米/箱'),('金属软管',2,NULL,1,'Φ25 22米/箱'),('双承中平三通',21,NULL,3,'DN150*150'),('平球',21,NULL,3,'DN150'),('双承弯头',21,NULL,3,'DN150'),('平球-',21,NULL,3,'DN150'),('弯头',9,NULL,3,'DN159*90°'),('弯头',9,NULL,3,'DN108*90°'),('正四通',9,NULL,3,'DN159'),('弯头',9,NULL,3,'DN108*45°'),('机械三通',9,NULL,3,'DN159*32'),('正三通',9,NULL,3,'DN108'),('机械三通',9,NULL,3,'DN159*25'),('镀锌无缝钢管',1,NULL,1,'DN159'),('镀锌无缝钢管',1,NULL,1,'DN108'),('卡箍式蝶阀',8,NULL,3,'DN159'),('卡箍式信号蝶阀',8,NULL,3,'DN159'),('水流指示器',8,NULL,3,'ZSJZ/K-159'),('金属软管',21,NULL,19,''),('直接',22,NULL,3,'DN32'),('铜芯闸阀',8,NULL,3,'DN150'),('铜芯闸阀',8,NULL,3,'DN100'),('软管',21,NULL,19,'DN16'),('单层百叶风口',13,NULL,3,'1400*500'),('单层百叶风口',13,NULL,3,'1600*590'),('暗杆铜芯闸阀',8,NULL,3,'DN150'),('暗杆铜芯闸阀',22,NULL,4,'DN100'),('模块',3,NULL,4,'多线模块'),('开关电源',3,NULL,4,'DC24V-10A'),('电线电缆',2,NULL,1,'护套线 2*2.5'),('电线电缆',2,NULL,1,'护套线2*1.5'),('模块',3,NULL,4,'多线终端器'),('浮球',21,NULL,3,'DN50'),('280度防烟防火阀',8,NULL,4,'1800*320'),('防火涂料',18,NULL,17,''),('铁盖板',30,NULL,18,'八角盒'),('消火栓箱门框',7,NULL,4,'1800(1200+600)*750'),('镀锌钢管',1,NULL,1,'DN50   3.55mm'),('镀锌钢管',1,NULL,1,'DN40*3.25'),('镀锌钢管',1,NULL,1,'DN32*3.25'),('镀锌钢管',1,NULL,1,'DN25   2.95mm'),('镀锌配件',22,NULL,4,'DN65*25*50'),('镀锌配件',22,NULL,4,'DN50*25*40'),('镀锌配件',22,NULL,4,'DN32*25*25'),('普通消火栓',7,NULL,4,'DN65 内丝 五铜'),('单层百叶风口',13,NULL,3,'1050*320'),('百叶风口',13,NULL,3,'1050*320'),('耐火电线',2,NULL,1,''),('耐火电线',2,NULL,1,'NH-BVR-2.5'),('耐火电线',2,NULL,1,'NH-BVR-1.5'),('电脑桌',21,NULL,3,''),('角铁',1,NULL,1,'50*5'),('消火栓箱壳',7,NULL,3,'2000*750*180'),('消火栓箱壳',7,NULL,3,'1800(1020+780)*700*240'),('白面板',21,NULL,3,'490*1500'),('银粉漆',18,NULL,17,'13KG'),('自垂式百叶',13,NULL,3,'350*350'),('风量调节阀',13,NULL,4,'325*450'),('风量调节阀',13,NULL,4,'214*364'),('防火阀',13,NULL,4,'FH-FHT70℃，D900'),('防火阀',13,NULL,4,'FH-FHT70℃，800*400'),('防火阀',13,NULL,4,'FH-FHT70℃，250*250'),('防火阀',13,NULL,4,'FH-FHT70℃，400*250'),('对开多页调节阀',13,NULL,4,'FT-FHT70℃，1250*630'),('调节防火阀',13,NULL,4,'FH-FHT70℃，D1013'),('调节防火阀',13,NULL,4,'FH-FHT70℃，1500*320'),('双层百叶排风口',13,NULL,4,'800*630'),('防火风口',13,NULL,4,'300*300'),('防火补风口',13,NULL,4,'FT-FHT70℃，400*400'),('双层百叶送风口',13,NULL,4,'1400*1200'),('双层百叶送风口',13,NULL,4,'1000*1500'),('止回阀',13,NULL,4,'D159'),('排烟防火阀',13,NULL,4,'PY-PFF280℃关闭，800*1200'),('排烟防火阀',13,NULL,4,'PY-PFF280℃关闭，D1013'),('转换法兰',9,NULL,20,'DN125'),('大小头',9,NULL,3,'DN200*100'),('闸阀',8,NULL,3,'DN100'),('闸阀',8,NULL,3,'DN50'),('调压阀',8,NULL,3,'DN100'),('浮球阀',8,NULL,3,'DN100'),('浮球阀',8,NULL,3,'DN50'),('吸水喇叭口',21,NULL,3,'DN250'),('吸水喇叭口',21,NULL,3,'DN200'),('端子箱',21,NULL,3,'500*1000'),('大小头',9,NULL,3,'DN150*65'),('大小头',9,NULL,3,'DN250*125'),('刚卡',9,NULL,3,'DN250'),('弯头',9,NULL,3,'DN250*90°'),('异径三通',9,NULL,3,'DN250*150'),('焊接大小头',9,NULL,3,'125*200'),('JDG电线管',21,NULL,1,'Φ20'),('自动喷锌',21,NULL,28,''),('侧大三通',9,NULL,3,'DN30*25*25'),('蜗轮蝶阀',8,NULL,3,'DN150'),('通用喷头',10,NULL,3,''),('侧大三通',9,NULL,3,'DN40*32*25'),('侧大三通',9,NULL,3,'DN50*40*25'),('消防球阀',8,NULL,3,'DN25'),('末端试水球阀',8,NULL,3,'DN25'),('缓冲管',21,NULL,3,'DN25'),('弯头',9,NULL,3,'DN100*45°'),('弯头',9,NULL,3,'DN150*45°'),('装饰罩',21,NULL,3,''),('PPR管',21,NULL,1,'DN25'),('\"PPR管',21,NULL,1,'DN32'),('\"PPR管',21,NULL,1,''),('PPR管',21,NULL,1,'DN40'),('PPR管',21,NULL,1,'DN50'),('PPR管直接',21,NULL,3,'DN32'),('PPR管弯头',21,NULL,3,'DN32'),('PPR管直接',21,NULL,3,'DN40'),('PPR管弯头',21,NULL,3,'DN25'),('PPR阀门',8,NULL,3,'DN32'),('热镀锌扁钢',1,NULL,1,'50*6'),('阻燃控制电缆',2,NULL,1,'ZR-KVV-25*1.5'),('阻燃控制电缆',2,NULL,1,'ZR-KVV-5*1.5'),('阻燃控制电缆',2,NULL,1,'ZR-KVV-18*1.5'),('阻燃控制电缆',2,NULL,1,'ZR-KVV-3*2.5'),('阻燃控制电缆',2,NULL,1,'ZR-RVVP-18*1.5'),('阻燃控制电缆',2,NULL,1,'ZR-RVV-3*2.5'),('视频线',2,NULL,1,'SYV-75-5'),('阻燃控制电缆',2,NULL,1,'ZR-KVV-14*2.5'),('流量计',8,NULL,6,'DN65'),('液位显示器',21,NULL,5,'5米'),('电接点压力表',28,NULL,5,'1.6MPa'),('铁盖板',21,NULL,3,'86型 八角'),('直接',22,NULL,3,'DN20'),('管帽',22,NULL,3,'DN40'),('活接',22,NULL,3,'DN25'),('法兰片',22,NULL,20,'DN40'),('活接软管',8,NULL,3,'DN40'),('三通',22,NULL,3,'DN40*15'),('适配器',1,NULL,3,'DN150'),('沥青漆',18,NULL,17,'10KG'),('玻璃丝布',21,NULL,24,'45*25'),('大小头',9,NULL,3,'DNDN100*80'),('三通',22,NULL,3,'DN25*15*25'),('中大三通',22,NULL,3,'DN32*50*32'),('暗杆闸阀',8,NULL,3,'DN65'),('暗杆闸阀',22,NULL,4,'DN80'),('四通',22,NULL,4,'DN50*25'),('丝扣法兰',22,NULL,3,'DN80'),('金属软管',21,NULL,2,'DN100*300mm'),('机械四通',9,NULL,3,'DN150*32'),('三通',22,NULL,3,'DN50*25*50'),('三通',22,NULL,3,'DN40*25*40'),('电缆',2,NULL,1,'zr-kvv8*4'),('橡塑保温材料',21,NULL,1,'25'),('橡塑保温材料',21,NULL,1,'32'),('橡塑保温材料',21,NULL,1,'40'),('橡塑保温材料',21,NULL,1,'65'),('橡塑保温材料',21,NULL,1,'100'),('海湾crt通讯板',NULL,NULL,3,''),('电缆',2,NULL,1,'ZR-KVV-4*1.5'),('电缆',2,NULL,1,'ZR-KVV-2*1.5'),('电缆',2,NULL,1,'ZR-KVV-2*4'),('电缆',2,NULL,1,'ZR-KVV-20*1.5'),('电缆',2,NULL,1,'ZR-KVV-10*1.5'),('电缆',2,NULL,1,'ZR-KVV-2*2.5'),('机械四通',9,NULL,3,'DN100*50*40'),('角钢',1,NULL,1,'3#'),('闸阀',8,NULL,3,'DN350'),('侧大三通',22,NULL,3,'DN65*25*50'),('阻燃控制电缆',2,NULL,1,'ZR-KVV-4*2.5'),('弯头',9,NULL,3,'DN159*90'),('弯头',9,NULL,3,'DN219*90°'),('异径三通 ',9,NULL,3,'DN159*108'),('三通',9,NULL,3,'DN108*80'),('电动液位浮球阀',8,NULL,2,''),('大小头',9,NULL,3,'DN159*80'),('大小头',9,NULL,3,'DN159*65'),('高颈法兰',9,NULL,3,'DN159'),('手柄蝶阀',8,NULL,3,'DN159'),('机械三通',9,NULL,3,'DN159*80'),('机械三通',9,NULL,3,'DN159*65'),('机械三通',9,NULL,3,'DN159*50'),('机械三通',9,NULL,3,'DN159*40'),('机械四通',9,NULL,3,'DN159*40'),('机械四通',9,NULL,3,'DN159*32'),('机械四通',9,NULL,3,'DN159*25'),('钢板',21,NULL,18,'200*150*10mm'),('钢板',21,NULL,18,'150*120*10mm'),('三通',22,NULL,3,'DN65*25*65'),('大小头',22,NULL,3,'DN32*25'),('四通',22,NULL,NULL,'DN50*25'),('大小头',22,NULL,3,'DN65*40'),('大小头',22,NULL,3,'DN50*32'),('机械四通',9,NULL,3,'DN100*65'),('机械四通',9,NULL,3,'DN150*25'),('镀锌钢管',1,NULL,1,'65*4.00+'),('镀锌钢管',1,NULL,1,'32*3.50+'),('镀锌钢管',1,NULL,1,'25*3.20+'),('角铁',1,NULL,1,'3*30'),('角铁',1,NULL,1,'4# 国标'),('半月牙',9,NULL,3,'114'),('半月牙',9,NULL,3,'165'),('四',22,NULL,3,'32*25'),('盲板',21,NULL,3,'DN150'),('铁盖板',21,NULL,3,''),('塑料盖板',21,NULL,3,''),('补芯',21,NULL,3,'25/15'),('PE大小头',1,NULL,3,'DN160*110'),('正四通',22,NULL,3,'DN65'),('橡塑保温材料',21,NULL,1,'DN50'),('镀锌槽钢',1,NULL,1,'10#'),('UPVC排水管',21,NULL,1,'De50'),('UPVC排水管',21,NULL,1,'De110'),('UPVC排水管',21,NULL,1,'De75'),('UPVC排水管',21,NULL,1,'De160'),('镀锌角钢',1,NULL,1,'5#'),('三通',22,NULL,4,'DN50*25'),('铁盖板',21,NULL,4,'86型'),('大小头',9,NULL,3,'DN100*65S'),('三通',22,NULL,3,'DN65*15'),('直接',22,NULL,4,'DN25'),('大小头',22,NULL,4,'DN65*25'),('手柄蝶阀',8,NULL,3,'DN65*16KG'),('电线电缆',2,NULL,1,'ZR-BV-50'),('电线电缆',2,NULL,1,'ZR-BV-35'),('电线电缆',2,NULL,1,'ZR-BV-16'),('铜鼻子',21,NULL,3,'50mm²'),('铜鼻子',21,NULL,3,'35mm²'),('铜鼻子',21,NULL,3,'16mm²'),('金属软管',21,NULL,1,'Φ50*12米/箱'),('短丝',22,NULL,2,'DN15'),('桥架',4,NULL,1,'200*150'),('上边垂直变径弯头',4,NULL,4,'200*150'),('水平弯头',4,NULL,3,'200*150'),('垂直等径右下弯',4,NULL,3,'200*150'),('垂直等径下弯头',4,NULL,3,'200*150'),('直接',22,NULL,3,'DN100'),('启停按钮',21,NULL,3,'带指示灯'),('端子排',21,NULL,25,'10对/条 铝底座'),('球墨管',1,NULL,1,'DN150'),('热镀锌扁钢',1,NULL,1,'25*4'),('热镀锌圆钢',1,NULL,1,'∅10'),('球墨管',1,NULL,1,'DN100'),('双承弯头',9,NULL,3,'DN150*90°'),('双承弯头',9,NULL,3,'DN100*90°'),('承插中平三通',9,NULL,3,'150*100'),('三承三通',9,NULL,3,'DN150*150'),('双承中平三通',9,NULL,3,'100*100'),('双平短管',9,NULL,3,'DN100*500'),('双平短管',9,NULL,3,'DN100*300'),('双平短管',9,NULL,3,'DN150*300'),('双平短管',9,NULL,3,'DN150*200'),('平插',9,NULL,3,'DN100'),('平插',9,NULL,3,'DN150'),('双平弯头',9,NULL,3,'DN150*90°'),('双平弯头',9,NULL,3,'DN100*90°'),('双平弯头',9,NULL,3,'DN150*45°'),('三平三通',9,NULL,3,'DN150*100'),('双平大小头',9,NULL,3,'DN150*100'),('盖板',21,NULL,18,'100*50'),('室外消火栓',7,NULL,5,'SS100/65-1.0'),(' 卷帘门',15,NULL,14,''),('井盖',19,NULL,5,'800*500'),('井盖',19,NULL,5,'700*700'),('橡塑保温棉',21,NULL,1,'DN150'),('铝箔纸板',21,NULL,1,'DN150'),('橡塑保温胶水',21,NULL,17,'10KG'),('开关电源',3,NULL,18,'DC24V-24A'),('侧大三通',22,NULL,3,'DN80*50*65'),('侧大三通',22,NULL,3,'DN50*50*40'),('三通',22,NULL,3,'DN40*40*32'),('三通',22,NULL,3,'DN32*32*25'),('电缆',2,NULL,1,'ZR-KVV-8*2.5'),('通风方式信号指示灯',16,NULL,5,''),('通风方式信号控制箱',16,NULL,5,''),('战时呼叫报警装置（警铃）',16,NULL,3,''),('人防出入口呼唤按钮',16,NULL,3,''),('开孔器',9,NULL,3,'DN50'),('桥架连接片',4,NULL,20,''),('桥架接地线',21,NULL,2,''),('机械四通',9,NULL,3,'DN108*50'),('机械三通',9,NULL,3,'DN108*50'),('机械四通',9,NULL,3,'DN108*40'),('机械三通',9,NULL,3,'DN108*40'),('机械四通',9,NULL,3,'DN108*32'),('机械三通',9,NULL,3,'DN108*32'),('机械四通',9,NULL,3,'DN108*25'),('机械三通',9,NULL,3,'DN108*25'),('刚性接头',9,NULL,3,'219'),('刚性接头',9,NULL,3,'159'),('刚性接头',9,NULL,3,'108'),('弯头',9,NULL,3,'DN159*22.5°'),('正三通',9,NULL,3,'DN219'),('大小头',9,NULL,3,'DN219*159'),('弯头',9,NULL,3,'DN219'),('弯头',9,NULL,3,'DN219*45°'),('弯头',9,NULL,3,'DN108*22.5°'),('机械四通',9,NULL,3,'DN150*65*50'),('机械四通',9,NULL,3,'DN150*40*32'),('机械四通',9,NULL,3,'DN150*40*25'),('机械四通',9,NULL,3,'DN100*50*32'),('机械四通',9,NULL,3,'DN100*50*25'),('机械四通',9,NULL,3,'DN150*65*40'),('机械四通',9,NULL,3,'DN150*50*32'),('机械四通',9,NULL,3,'DN150*50*25'),('大小头',9,NULL,3,'DN108*80'),('大小头',9,NULL,3,'DN108*65'),('大小头',9,NULL,3,'DN108*50'),('大小头',9,NULL,3,'DN108*40'),('大小头',9,NULL,3,'DN108*32'),('大小头',9,NULL,3,'DN108*25'),('减压孔板',21,NULL,4,'DN150 d=62 不锈钢'),('减压孔板',21,NULL,4,'DN150 d=59 不锈钢'),('减压孔板',21,NULL,4,'DN150 d=60 不锈钢'),('减压孔板',21,NULL,4,'DN150 d=70 不锈钢'),('四通',22,NULL,3,'DN80*32'),('四通',22,NULL,3,'DN65*32'),('三通',22,NULL,3,'DN65*40'),('三通',22,NULL,3,'DN40*32'),('中大三通',22,NULL,3,'DN80*50'),('中大三通',22,NULL,3,'DN65*40'),('中大三通',22,NULL,3,'DN50*32'),('中大三通',22,NULL,3,'DN40*32'),('正三通',22,NULL,3,'DN65'),('正三通',22,NULL,3,'DN50'),('正三通',22,NULL,3,'DN40'),('正三通',22,NULL,3,'DN32'),('束节',22,NULL,3,'DN80'),('束节',22,NULL,3,'DN65'),('束节',22,NULL,3,'DN50'),('束节',22,NULL,3,'DN40'),('束节',22,NULL,3,'DN32'),('角铁',1,NULL,1,'5*5*50'),('角铁',1,NULL,1,'4*4*40'),('铁板',1,NULL,18,'200*100*10'),('丝杆',1,NULL,1,'8#'),('四通',9,NULL,3,'DN159*108'),('排气阀',8,NULL,3,''),('卷盘',7,NULL,5,''),('铜管',21,NULL,2,''),('100x遥控浮球阀',8,NULL,3,'DN65'),('焊接钢管',1,NULL,1,'DN300'),('装饰罩',21,NULL,5,'DN15 可调'),('白盖板',21,NULL,31,'H86 有孔'),('信号阀',8,NULL,3,'DN250'),('转换法兰',9,NULL,20,'DN250'),('遥控浮球阀',8,NULL,3,'DN250'),('液位显示仪',21,NULL,5,''),('液压仪控制器',21,NULL,5,''),('KBG弯头',5,NULL,3,'Φ32'),('电缆',2,NULL,1,'YJV 4*10'),('声光报警',3,NULL,3,'不带地址码'),('手报',3,NULL,3,'带电话插孔'),('回路板',3,NULL,18,'双回路'),('三通',9,NULL,3,'DN65*50'),('消火栓箱壳',7,NULL,3,'1800（900+900）*700'),('普通消火栓',7,NULL,3,'DN65 外丝 五铜'),('减压稳压栓',7,NULL,3,'DN65 外丝 五铜'),('大小头',9,NULL,3,'DN150*25'),('电缆',2,NULL,1,'ZR-KVV-16*1.5'),('电缆',2,NULL,1,'ZR-KVV-24*1.5'),('高温排烟风机箱',13,NULL,6,'风量46000全压600Pa功率15KW'),('高温排烟风机箱',13,NULL,6,'排风量15000全压500pa功率2.2KW'),('消防应急灯具专用应急电源',29,NULL,6,'CZ-DL-5KVA-(UBS216V-65A-V8)'),('高温排烟风机箱',13,NULL,6,'排烟量16000全压500pa功率5.5KW'),('(安全电压型)应急照明分配电装置',29,NULL,6,'CZ-FP-0.1KVA-(DC24V-1004P1-V4)'),('(安全电压型)应急照明分配电装置',29,NULL,6,'CZ-FP-0.2KVA-(DC24V-1004P2-V4)'),('双头应急灯',20,NULL,3,'6W双头灯'),('集中电源集中控制型消防应急标志灯',29,NULL,29,'CZ-BLJC-1EII1W-(e-bus/10-20)'),('集中电源集中控制型消防应急标志灯',29,NULL,29,'CZ-BLJC-2EII1W-(e-bus/10-10)'),('集中电源集中控制型消防应急(地面)标志灯',29,NULL,29,'CZ-BLJC-1LEI1W-(e-bus/1040)'),('集中电源集中控制型消防应急(地面)标志灯',29,NULL,29,'CZ-BLJC-1LREI1W-(e-bus/1040)'),('疏散指示灯',20,NULL,3,'3W.壁挂式安装   新国标'),('安全出口',20,NULL,3,'3W  吊装式安装     新国标  带吊链'),('高温排烟风机箱',13,NULL,6,'排烟量7200全压500pa功率3KW'),('安全出口灯',29,NULL,4,'3W  吊装式安装     新国标  带吊链'),('接线盒',21,NULL,3,'86型 H=50'),('三孔插座',29,NULL,3,'10A'),('接线盒',21,NULL,3,'86型 H=50 明装'),('板式排烟口',13,NULL,4,'600*600'),('板式排烟口',13,NULL,4,''),('板式排烟口',13,NULL,4,'800*500'),('板式排烟口',13,NULL,4,'1000*600'),('铝合金百叶风口',13,NULL,3,'500*500'),('铝合金百叶风口',13,NULL,3,'600*500'),('风机强启箱',14,NULL,6,'300*400'),('电线电缆',NULL,NULL,NULL,''),('四通',9,NULL,3,'DN40*32'),('中大三通',9,NULL,3,'DN65*80*65'),('软接头',21,NULL,3,'DN65'),('插孔电话',3,NULL,3,'圆通'),('报警主机联网板',3,NULL,5,''),('层显',3,NULL,6,''),('控制模块',3,NULL,3,'8301'),('广播模块',3,NULL,3,'8305'),('不锈钢金属波纹管',1,NULL,2,'DN150'),('屋顶水箱',12,NULL,5,'18T 4000x3000x2000'),('稳压设备',12,NULL,5,'XBD4.05/5GQ-200QJ20/3'),('屋顶稳压泵',12,NULL,5,'Q=5L/S'),('阀门井',21,NULL,3,'1000*1000*1000'),('减压孔板',21,NULL,4,'DN65'),('不锈钢金属波纹管',9,NULL,2,'DN25'),('喷淋泵',11,NULL,5,'XBD6/30-100-315L Q=20L/S、H=120M、N=75KW'),('消火栓泵',11,NULL,5,'XBD12.7/20-125-250BL Q=30L/S、H=60M、N=37KW'),('橡胶软接头',21,NULL,3,'DN200'),('大小头',9,NULL,3,'DN200'),('吸水喇叭口',21,NULL,3,'DN150'),('泄压阀',8,NULL,4,'DN65'),('消火栓箱壳',7,NULL,3,'1600*650*240'),('沟槽闸阀',8,NULL,3,'DN150'),('沟槽闸阀',8,NULL,3,'DN114'),('橡胶接头',21,NULL,4,'DN114'),('遥控浮球阀',8,NULL,4,'DN114'),('泄压阀',8,NULL,4,'DN114'),('止回阀',8,NULL,3,'DN114'),('消火栓箱门框',7,NULL,NULL,'1900(1330+570)*750'),('消火栓箱门',7,NULL,NULL,'1800（1230+570）*650'),('消火栓箱门',7,NULL,NULL,'1750（1100+650）*700'),('消火栓箱门',7,NULL,NULL,'1850（1200+650）*750'),('耐火控制电缆',2,NULL,1,'NH-KVV-10*1.5'),('异径三通',9,NULL,3,'DN125*100'),('室外转接箱',3,NULL,4,''),('消防报警主机',3,NULL,5,'消防报警主机,电源盘2套 2000点以上'),('联动控制器',3,NULL,5,'联动控制柜,多线盘,机柜'),('电源',3,NULL,5,'外控电源'),('加压送风机',13,NULL,6,'52000CMH 690pa  15KW'),('排风机',13,NULL,6,'390CMH 100pa  0.05KW'),('止回阀',13,NULL,4,'900*1000'),('70°C防火阀',13,NULL,4,'350*250'),('70°C防火阀',13,NULL,3,'340*340'),('常闭多叶送风口',13,NULL,4,'600*（1200+250）'),('送风机',13,NULL,6,'36590CMH 625pa  11KW'),('止回阀',13,NULL,4,'630*1000'),('送风机',13,NULL,6,'24736CMH 787pa  11KW'),('止回阀',13,NULL,4,'630*800'),('常闭多叶送风口',13,NULL,4,'450*（850+250）'),('消火栓箱壳',7,NULL,3,'1000*700*180'),('线盒',21,NULL,3,'86型'),('吊链',21,NULL,11,'60cm长'),('黄腊管',21,NULL,1,''),('链条钩',21,NULL,3,'5#'),('配电箱',3,NULL,3,'1000*800*200'),('加压送风机',13,NULL,6,'27225CMH 550pa  7.5KW'),('止回阀',13,NULL,4,'550*1000'),('排烟防火风量调节阀',13,NULL,4,'（280℃)2000*630'),('FD排烟防火阀',13,NULL,4,'（70℃)1000*630'),('FDH排烟防火阀',13,NULL,4,'（280℃)1250*400'),('FVDH排烟防火风量调节阀',13,NULL,4,'（280℃）1000*630'),('FDH排烟防火阀',13,NULL,4,'（280℃)754*665'),('对开多叶调节阀',13,NULL,4,'800*320'),('FD排烟防火阀',13,NULL,4,'（70℃)1200*1000'),('对开多叶调节阀',13,NULL,4,'1310*330'),('FDH排烟防火阀',13,NULL,4,'（280℃)1600*500'),('对开多叶调节阀',13,NULL,4,'1000*320'),('BECH远程手动排烟防火阀',13,NULL,4,'（280℃)800*320'),('BECH远程手动排烟防火阀',13,NULL,4,'（280℃)1250*320'),('FVDH排烟防火风量调节阀',13,NULL,4,'（280℃）1600*400'),('BED远程手动排烟防火阀',13,NULL,4,'（70℃）1250*500'),('排气扇',13,NULL,6,'L=410M3/h  N=60w'),('BED远程手动排烟防火阀',13,NULL,4,'（70℃）1000*630'),('BED远程手动排烟防火阀',13,NULL,4,'（70℃)1000*500'),('排气扇',13,NULL,6,'L=300M3/h  N=40w'),('排气扇',13,NULL,6,'L=220M3/h  N=38w'),('BECH远程手动排烟防火阀',13,NULL,4,'（280℃)1250*500'),('BECH远程手动排烟防火阀',13,NULL,4,'（280℃)2000*500'),('单层百叶风口',13,NULL,4,'320*250'),('防雨百叶',13,NULL,4,'Φ150'),('防雨百叶',13,NULL,4,'300*200'),('加压送风机',13,NULL,6,'14816CMH 388pa  3KW'),('活性炭过滤器',13,NULL,6,'1000*500'),('单层百叶风口',13,NULL,4,'1000*800'),('防雨百叶',13,NULL,4,'2000*400'),('防雨百叶',13,NULL,4,'550*250'),('排烟风机',13,NULL,6,'Q=37999m3/h;M=540kg; H=536Pa,N=18.5KW'),('排烟风机',13,NULL,6,'Q=25230m3/h;M=490kg; H=549Pa,N=11KW'),('排烟风机',13,NULL,6,'Q=37050m3/h;M=650kg; H=552Pa,N=15KW'),('排烟风机',13,NULL,6,'Q=30050m3/h;M=500kg; H=526Pa,N=11KW'),('排烟风机',13,NULL,6,'Q=37860m3/h;M=650kg; H=568Pa,N=15KW'),('排烟风机',13,NULL,6,'32960m3/h;M=540kg; H=540Pa,N=15KW'),('排烟风机',13,NULL,6,'30360m3/h;M=505kg; H=482Pa,N=15KW'),('排烟风机',13,NULL,6,'Q=41440m3/h;M=700kg; H=562Pa,N=15KW'),('排烟风机',13,NULL,6,'Q=30050m3/h;M=350kg; H=526Pa,N=11KW'),('送风机',13,NULL,6,'Q=390m3/h,H=100Pa,N=0.050KW'),('侧壁式轴流风机',13,NULL,6,'Q=1000cmh H=54Pa,N=40W'),('侧壁式轴流风机',13,NULL,6,'Q=3540cmh H=89Pa,N=120W'),('排气扇',13,NULL,6,'FV-24CH7C'),('层显',3,NULL,3,''),('消声器',13,NULL,6,'1000*1000'),('消声器',13,NULL,4,'800*1000'),('消声器',13,NULL,6,'800*1200'),('消声器',13,NULL,6,'800*1250'),('消声静压箱',13,NULL,6,'1500*1500*1500'),('消声静压箱',13,NULL,6,'2500*1600*800'),('消声静压箱',13,NULL,6,'2500*2000*1000'),('消声静压箱',13,NULL,6,'2700*1500*800'),('消声静压箱',13,NULL,6,'2800*2000*800'),('消声静压箱',13,NULL,6,'2200*1200*800'),('消声静压箱',13,NULL,6,'2200*1500*800'),('消声静压箱',13,NULL,6,'2500*1500*800'),('对开多叶调节阀',13,NULL,4,'630*320'),('对开多叶调节阀',13,NULL,4,'1000*400'),('对开多叶调节阀',13,NULL,4,'1600*400'),('对开多叶调节阀',13,NULL,4,'2000*400'),('280°排烟防火阀',13,NULL,4,'1800*400'),('280°排烟防火阀',13,NULL,4,'2300*400'),('280°排烟防火阀',13,NULL,4,'1850*320'),('280°排烟防火阀',13,NULL,4,'2000*320'),('280°排烟防火阀',13,NULL,4,'2200*400'),('70度防烟防火阀',13,NULL,4,'200*120'),('70度防烟防火阀',13,NULL,4,'340*340'),('70度防烟防火阀',13,NULL,4,'350*250'),('70度防烟防火阀',13,NULL,4,'800*400'),('单层百叶风口',13,NULL,4,'200*120'),('单层百叶风口',13,NULL,4,'500*250'),('单层百叶排风口',13,NULL,4,'800*200'),('防火卷帘门',15,NULL,15,'含电驱及本体控制箱'),('挡烟垂壁',17,NULL,15,'不燃制作安装'),('排烟风机',13,NULL,6,'15kW r=550rpm L=37050m/h H=552Pa'),('排烟风机',13,NULL,6,'11kW r=720rpm L=38626m/h H=492Pa'),('排烟风机',13,NULL,6,'7.5kW r=720rpm L=36869m/h H=396Pa'),('送风机',13,NULL,6,'7.5kW r=960rpm L=40598m/h H=329Pa'),('送风机',13,NULL,6,'0.18kW r=1450rpm L=743m/h H=166Pa'),('消声器',13,NULL,6,'2000*630'),('消声器',13,NULL,6,'2200*550'),('280°排烟防火阀',13,NULL,4,'2000*630'),('280°排烟防火阀',13,NULL,4,'2200*550'),('280°排烟防火阀',13,NULL,4,'2500*500'),('70度防烟防火阀',13,NULL,4,'2000*1000'),('70度防烟防火阀',13,NULL,4,'2200*1000'),('70度防烟防火阀',13,NULL,4,'2500*800'),('70度防烟防火阀',13,NULL,4,'350*200'),('消声百叶风口',13,NULL,4,'2000*1000'),('消声百叶风口',13,NULL,4,'2500*800'),('单层百叶风口',13,NULL,4,'320*200'),('单层百叶风口',13,NULL,4,'600*200'),('排烟风机',13,NULL,6,'L=21800m/h  H=536Pa  N=5.5kW'),('送风机',13,NULL,6,'L=20135m/h  H=396Pa  N=4.0kW'),('通风机',13,NULL,6,'L=3184m/h  H=1495Pa  N=2.2kW'),('通风机',13,NULL,6,'L=6710m/h  H=745Pa  N=2.2kW'),('送风机',13,NULL,6,'L=5252m/h  H=326Pa  N=1.1kW'),('静压箱',13,NULL,6,'1000*1500*2100'),('280°防火阀',13,NULL,4,'600*1500'),('70°防火阀',13,NULL,4,'1000*320'),('70°防火阀',13,NULL,4,'200*300'),('70°C防火阀',13,NULL,3,'250*250'),('粗过滤器',13,NULL,3,'LWP－X-1600 4块组合'),('插板阀',13,NULL,4,'∅400'),('插板阀',13,NULL,4,'∅600'),('超压排气阀门',13,NULL,4,'PS-250'),('倾斜式微压计',13,NULL,4,'450*300*20'),('水泵接合器井',19,NULL,3,'1000*1000*1000'),('阻燃控制电缆',2,NULL,1,'ZR-KVV-6*2.5'),('阻燃控制电缆',2,NULL,1,'ZR-KVV-4*4'),('消火栓箱壳',7,NULL,3,'1900*700*180'),('消火栓箱壳',7,NULL,3,'2000*1100*320'),('橡塑保温',21,NULL,1,'D100'),('黑膜',21,NULL,24,''),('常开牌子',21,NULL,3,''),('常闭牌子',21,NULL,3,''),('橡塑保温',21,NULL,1,'DN65'),('防护闸阀',8,NULL,3,'DN150'),('下喷',10,NULL,3,'DN15*68℃ K=80'),('喷头',10,NULL,3,'快速反应喷头'),('防护闸阀',8,NULL,3,'DN25'),('防护闸阀',8,NULL,3,'DN32'),('防护闸阀',8,NULL,3,'DN50'),('防护闸阀',8,NULL,3,'DN80'),('防护闸阀',8,NULL,3,'DN40'),('简易水泵接合器',7,NULL,5,'DN150'),('波纹管',7,NULL,4,'DN100'),('PVC管接',7,NULL,4,'DN100'),('槽钢',1,NULL,1,'4#'),('三通',22,NULL,3,'DN32*25'),('丝堵',22,NULL,4,'DN50'),('丝堵',22,NULL,4,'DN65'),('丝堵',22,NULL,4,'DN80'),('波纹管',21,NULL,1,'DN100 黑'),('电话分机',3,NULL,4,'火警专用'),('稳压罐维修',21,NULL,3,''),('金属软管',21,NULL,1,'Φ20 25米/箱 '),('控制箱',14,NULL,6,'排烟量16000全压500pa功率5.5KW'),('控制箱',14,NULL,6,'排烟量7200全压500pa功率3KW'),('控制箱',14,NULL,6,'排烟量46000全压600Pa18.5KV'),('控制箱',14,NULL,6,'排烟量15000全压500pa功率5、5KW'),('接线端子箱',21,NULL,5,'400H*300W*150D（配2条10对的端子排）'),('强启箱',21,NULL,6,'20组控制按钮'),('开关电源',3,NULL,3,'24V，12.5A'),('手报按钮',3,NULL,3,''),('控制模块',3,NULL,3,''),('消火栓按钮',3,NULL,3,''),('烟感',3,NULL,3,''),('探测器底座',3,NULL,3,''),('防火卷帘门',15,NULL,14,''),('壁式轴流风机',13,NULL,3,' 2000CMH，220V/120W'),('压力开关',7,NULL,4,''),('二线电话',3,NULL,4,''),('输入模块',3,NULL,3,''),('蜗轮碟阀',8,NULL,3,'150'),('转换法兰',8,NULL,20,'DN159'),('蜗轮碟阀',8,NULL,3,'100'),('大小头',22,NULL,3,'DN65*25'),('蜗轮碟阀',8,NULL,3,'65'),('耐火电线',2,NULL,1,'NH-BV-2*2.5'),('耐火控制电缆',2,NULL,1,'NH-KVV-3*1.5'),('耐火控制电缆',2,NULL,1,'NH-KVV-24*2.5'),('耐火电缆',2,NULL,1,'NH-YJV-2*6'),('液位控制器',12,NULL,5,''),('三承三通',9,NULL,3,'DN150*100'),('双承缩管',21,NULL,3,'DN150*100'),('套筒伸缩器',9,NULL,3,'DN150'),('闷板',9,NULL,3,'DN150'),('卷盘前端铜枪头',7,NULL,4,''),('异径三通',9,NULL,3,'DN219*159'),('高径法兰',9,NULL,3,'DN219'),('箱泵一体化消防增压稳压设备',12,NULL,5,'WHDXBF-18-18/3.6-30-I 4000*4000*2000'),('侧大三通',22,NULL,3,'DN50*40*25'),('远传水表',8,NULL,3,'DN25'),('自动排气阀',8,NULL,3,'DN20'),('电磁阀',8,NULL,3,'DN40'),('浮球阀',8,NULL,3,'DN40'),('管帽',22,NULL,3,'DN25'),('溢水喇叭口',21,NULL,3,''),('异径四通',22,NULL,3,'DN80*50'),('耐火电线',2,NULL,1,'NH-RVS-4*2.5'),('耐火控制电缆',2,NULL,1,'NH-KVV-14*2.5'),('侧大四通',22,NULL,3,'DN40*32*25*25'),('侧大四通',22,NULL,3,'DN50*40*25*25'),('镀锌钢管',1,NULL,1,'DN250'),('偏心大小头',9,NULL,3,'DN250*150'),('消防水箱补水泵',11,NULL,6,'P=0.96Mpa  N=2.2kWQ=3.6m3/h,H=96m'),('消声止回阀',8,NULL,3,'DN40'),('橡胶软接头',9,NULL,3,'DN40'),('大小头',9,NULL,3,'DN40'),('明杆球墨铸铁闸阀',8,NULL,3,'DN40'),('耐火控制电缆',2,NULL,1,'NH-KVV-2*4'),('耐火控制电缆',2,NULL,1,'NH-KVV-6*2.5'),('RS-485总线',2,NULL,1,''),('喷淋水泵接合器',11,NULL,5,'DN150'),('控制电缆',2,NULL,1,'ZCN-YJV-2*6'),('控制电缆',2,NULL,1,'ZCN-YJV-4*6'),('控制电缆',2,NULL,1,'ZCN-KVV-2*2.5'),('控制电缆',2,NULL,1,'ZCN-KVV-3*1.5'),('控制电缆',2,NULL,1,'ZCN-KVV-4*1.5'),('控制电缆',2,NULL,1,'ZCN-KVV-4*2.5'),('控制电缆',2,NULL,1,'ZCN-KVV-8*2.5'),('控制电缆',2,NULL,1,'ZCN-KVV-14*2.5'),('喷漆',18,NULL,27,'黄色'),('喷字模板（消火栓、喷淋、箭头）',21,NULL,5,''),('端子排',21,NULL,25,''),('送风机',13,NULL,6,'柜式离心风机箱（Q=6600CMH P（全）＝960Pa n=2800rpm N=4KW）'),('送风机',13,NULL,6,'柜式离心风机箱（Q=3000CMH P（全）＝1350Pa n=3600rpm N=2.2KW）'),('送风机',13,NULL,6,'（Q=22117CMH N=5.5KW P（全）=508Pa 960rpm）'),('混流排风机',13,NULL,6,'（Q=6000CMH N=2.2KW P（全）=540Pa 1450rpm）'),('混流排风机',13,NULL,6,'（Q=18394CMH N=5.5KW P（全）=597Pa 960rpm）'),('单层百叶风口',13,NULL,4,'1000*250'),('双层百叶风口',13,NULL,4,'1400*1200'),('插板阀',13,NULL,4,'D664'),('插板阀',13,NULL,4,'500*320'),('插板阀',13,NULL,4,'630*400'),('插板阀',13,NULL,4,'800*320'),('菱形密闭调节阀',13,NULL,4,'500*320'),('菱形密闭调节阀',13,NULL,4,'630*400'),('菱形密闭调节阀',13,NULL,4,'800*320'),('70°C防火阀',13,NULL,4,'500*320'),('70°C防火阀',13,NULL,4,'630*400'),('70°C防火阀',13,NULL,4,'800*320'),('70°C防火阀',13,NULL,4,'D664'),('手动密闭阀',13,NULL,4,'D300'),('手动密闭阀',13,NULL,4,'D315'),('手动密闭阀',13,NULL,4,'D400'),('手动密闭阀',13,NULL,4,'D664'),('油网粗过滤器',16,NULL,6,'LWP-D型'),('堵漏王',21,NULL,18,''),('防火漆',21,NULL,17,'20KG 白色'),('活底接线盒',21,NULL,3,''),('KBG管',5,NULL,1,'Φ16'),('KBG管',5,NULL,1,'Φ40'),('管接',21,NULL,4,'Φ40'),('消防卷盘',7,NULL,3,''),('消防水带',7,NULL,3,'25米 含水枪接扣 新标'),('枪头',7,NULL,3,''),('消火栓箱门框',7,NULL,4,'1800*700'),('消火栓箱门框',7,NULL,4,'1000*700'),('多线控制盘',3,NULL,5,'110个点位'),('按钮',16,NULL,5,'呼唤按钮'),('插板阀',13,NULL,4,'2500*500'),('移动电站冷却水箱',12,NULL,5,'2000*1000*2000(H)mm'),('人防标志牌',16,NULL,30,''),('油箱',21,NULL,30,'2000*2000*1500(H)mm'),('防爆阀',13,NULL,4,'DN40'),('截止阀',8,NULL,3,'DN15'),('Y型过滤器',8,NULL,3,'DN50'),('中大三通',9,NULL,3,'DN50*65*50'),('三通',9,NULL,3,'DN50*50*32'),('中大三通',9,NULL,3,'DN40*50*40'),('继电器',3,NULL,3,'直流24V'),('大小头',22,NULL,3,'DN25*15'),('大小头',22,NULL,3,''),('刚卡',9,NULL,3,'DN65'),('转换法兰',7,NULL,20,'DN150'),('转换法兰',7,NULL,20,'DN100'),('机三',9,NULL,3,''),('保温pe棉材料',21,NULL,1,'DN150'),('保温pe棉材料',21,NULL,1,'DN100'),('保温pe棉材料',21,NULL,1,'DN32'),('保温pe棉材料',21,NULL,1,'DN25'),('声光',3,NULL,5,''),('室外壁挂式配电箱壳',21,NULL,3,'30CM（厚）*50CM（宽）*50CM（高）'),('端子箱',21,NULL,4,'500*600'),('端子箱',21,NULL,4,'300*400'),('90°水平弯头',4,NULL,4,'100*50'),('电缆',2,NULL,1,'ZR-KVV 20*1.5'),('电缆',2,NULL,1,'ZR-YJY-3*50+1*16'),('电缆',2,NULL,1,'ZR-YJY-3*50'),('电缆',2,NULL,1,'3*35+1*16'),('电缆',2,NULL,1,'ZR-YJY-3*35+1*16'),('电缆',2,NULL,1,'ZR-YJY-3*35'),('电缆',2,NULL,1,'ZR-YJY-4*4'),('消防通风(两用)低噪声柜式离心风机',13,NULL,6,'PYFB1-9'),('消防通风(两用)低噪声柜式离心风机',13,NULL,6,'PYFB1-9，详见图纸'),('风机控制柜',14,NULL,4,'详见图纸，配动态节流仪'),('70℃防火阀',13,NULL,4,'2000*400'),('70℃防火调节阀',13,NULL,4,'2000*400'),('70℃防火让调节阀',13,NULL,4,'2000*400'),('蝶阀',8,NULL,3,'DN250'),('70℃防火调节阀',13,NULL,4,'2200*400'),('70℃防火调节阀',13,NULL,4,'2600*400'),('70℃防火调节阀',13,NULL,4,'2700*400'),('正三通',9,NULL,3,'DN250'),('大小头',9,NULL,3,'DN200*150'),('280°C排烟防火阀',13,NULL,4,'2000*400'),('280℃排烟防火调节阀',13,NULL,4,'2400*400'),('JDG电线管',2,NULL,1,'Φ25'),('280℃排烟防火调节阀',13,NULL,4,'2500*500'),('280℃排烟防火调节阀',13,NULL,4,'2700*400'),('280℃排烟防火调节阀',13,NULL,4,'2800*450'),('焊接法兰',9,NULL,20,'DN250'),('280℃排烟防火调节阀',13,NULL,4,'2800*500'),('CRT电脑',3,NULL,6,''),('手动风量调节阀',13,NULL,4,'500*200'),('手动风量调节阀',13,NULL,4,'800*300'),('手动风量调节阀',13,NULL,4,'1000*300'),('手动风量调节阀',13,NULL,4,'1250*300'),('手动风量调节阀',13,NULL,4,'1400*300'),('手动风量调节阀',13,NULL,4,'1600*300'),('手动风量调节阀',13,NULL,4,'1800*300'),('手动风量调节阀',13,NULL,4,'1800*400'),('手动风量调节阀',13,NULL,4,'2000*400'),('手动风量调节阀',13,NULL,4,'2600*400'),('消声器',13,NULL,4,'ZP100 500*250'),('消声器',13,NULL,4,'ZP1001800*400'),('消声器',13,NULL,4,'ZP1002000*400'),('消声器',13,NULL,4,'ZP100 2200*400'),('消声器',13,NULL,4,'ZP100 2400*400'),('消声器',13,NULL,4,'ZP100 2500*500'),('消声器',13,NULL,4,'ZP100 2600*400'),('消声器',13,NULL,4,'ZP100 2700*400'),('消声器',13,NULL,4,'ZP100 2800*450'),('消声器',13,NULL,4,'ZP100 2800*500'),('单层百叶风口',13,NULL,4,'带阀 600*200'),('单层百叶风口',13,NULL,4,'带阀 800*200'),('单层百叶风口',13,NULL,4,'带阀 1600*1000'),('单层百叶风口',13,NULL,4,'1600*1000'),('单层百叶风口',13,NULL,4,'1600*1200'),('止回阀',13,NULL,4,'400*320'),('止回阀',13,NULL,4,'1600*1000'),('280℃排烟防火调节阀',13,NULL,4,'1600*1000'),('金属软管',21,NULL,19,'Φ25 22米/箱'),('三孔插头',21,NULL,3,''),('浮球阀',8,NULL,4,''),('不锈钢防虫网',21,NULL,4,''),('消防泵组（带控制柜）',11,NULL,6,'Q=20L/s, H=140m, N= 55KW,  XBD14/20 -100L'),('喷淋泵组（带控制柜）',11,NULL,6,'Q=30L/s, H=72m, N= 37KW, XBD7.2/30 -100L'),('套筒',1,NULL,3,'DN100'),('单层百叶风口',13,NULL,18,'300*100'),('单层百叶风口',13,NULL,18,'400*100'),('手电动双连杠密闭阀',8,NULL,5,'dg600'),('手电动双连杠密闭阀',8,NULL,5,'dg200'),('通风柜',21,NULL,6,'1000*600*1800'),('插板阀',8,NULL,NULL,'Φ860'),('手摇电动风机',13,NULL,NULL,'F270-1(顺时针)，NO3.5A,L=300~700，H=1117~568Pa，N=0.75(配风机控制柜)'),('70防火阀',13,NULL,3,'1500*1500'),('消火栓箱门框',7,NULL,3,'SG-24D65-J型'),('消火栓箱门框',7,NULL,3,'SG-24D65-J型，1800*600*240'),('闸阀',8,NULL,3,'DN165'),('转换法兰',9,NULL,20,'DN80'),('正三通',9,NULL,3,'DN80'),('大小头',22,NULL,3,'DN50*25'),('大小头',22,NULL,3,'DN80*25'),('防火阀',13,NULL,3,'800*320'),('防火阀',13,NULL,3,'600*250'),('防火阀',13,NULL,3,'1200*600'),('防火阀',13,NULL,3,'800*350'),('排风机',13,NULL,6,'风量15000风压350.        2.2KV'),('排风机',13,NULL,6,'风量6120风压330       1.5KW'),('盒盖',5,NULL,3,'86型'),('控制柜',14,NULL,6,'2.2KW     2台                   1.5KW       2台'),('控制柜',14,NULL,5,'15KW  1台 5.5KW1台      3KW1台'),('日光灯',29,NULL,5,'36w单管'),('日光灯',29,NULL,5,'36w双管'),('消防门框',7,NULL,5,'800*600'),('控制箱',14,NULL,6,'2.2KW     2台                   1.5KW       2台'),('风阀',13,NULL,3,'800*320'),('风阀',13,NULL,3,'800*350'),('风阀',13,NULL,3,'1200*600'),('风阀',13,NULL,3,'600*250'),('控制箱',14,NULL,5,'15KW  1台 5.5KW1台      3KW1台'),('盖板',5,NULL,4,'86型'),('机械四通',9,NULL,3,'DN159*50'),('镀锌无缝管',1,NULL,1,'219'),('双扇普通钢门',21,NULL,14,'1500*2100*120'),('单扇钢门',21,NULL,14,'1000*2100*120'),('双扇甲级防火门',15,NULL,14,'1500*2100'),('单扇乙级防火门',15,NULL,14,'900*2100'),('单扇普通门',21,NULL,14,'1000*1800'),('明装盒',21,NULL,4,''),('乙级防火门',21,NULL,14,'木质'),('开关板',3,NULL,31,'5000主机开关板'),('防火门',15,NULL,14,'乙级钢质单扇900*2100'),('防火门',15,NULL,14,'乙级木质单扇900*2100'),('防火门',15,NULL,14,'甲级钢质双扇1500*2100'),('4.0镀锌无缝钢管',1,NULL,1,'108'),('井盖',19,NULL,3,'600*600'),('井框',19,NULL,3,'600*600'),('信号线WDZN--BYJ--2*1.5    红蓝',2,NULL,24,'2*1.5'),('信号线WDZN--BYJ--2*1.5',2,NULL,24,''),('信号线WDZN--BYJ--2*1.5  红蓝',2,NULL,24,''),('电话线WDZN--BYJ--2*1.5   红黄',2,NULL,24,''),('层显线WDZN--BYJ--2*1.5红黑',2,NULL,24,''),('电源线WDZN--BYJ--2*2.5黑白',2,NULL,24,''),('电线电缆',2,NULL,24,'WDZN-KYJY-4*2.5'),('电线电缆',2,NULL,24,'WDZN-KYJY-4*2.5 红黄蓝绿'),('消防水泵控制柜维修',11,NULL,6,''),('插孔电话',3,NULL,3,''),('消火栓铝接口',21,NULL,3,''),('水平三通',4,NULL,4,'100*50'),('消火栓箱门框',7,NULL,4,'1750（1100+650）*650'),('消火栓箱门框',7,NULL,4,'1700（1050+650）*700'),('消火栓箱门框',7,NULL,4,'1800*750(1200+600)'),('压盖伸缩器',21,NULL,4,'DN200'),('偏心焊接大小头',9,NULL,3,'DN150*125'),('开关电源',3,NULL,3,'250W'),('消火栓箱门框',21,NULL,3,'1800*650（上箱门1180，下箱门620）'),('镀锌钢导管',5,NULL,1,'DN20'),('盒接',5,NULL,3,'DN20'),('直接',5,NULL,3,'DN20'),('接线盒',21,NULL,3,'86型 H=40'),('异径弯头',22,NULL,3,'DN32*25'),('侧喷',7,NULL,3,'15'),('侧喷罩',7,NULL,3,'15'),('老虎卡',22,NULL,3,'25'),('电线电缆',2,NULL,1,'VV-4*1'),('电缆',2,NULL,1,'KVV-5*1.5'),('电线电缆',2,NULL,1,'BV-4'),('空调插座',29,NULL,4,'220V      16A'),('电线电缆',2,NULL,1,'VV-4*0.5'),('防雨百叶',21,NULL,3,''),('丝杆',21,NULL,1,'8#'),('弹簧卡',21,NULL,4,''),('冲压弯头',9,NULL,4,'DN250'),('防火泥',21,NULL,7,''),('排烟风机箱',13,NULL,6,'风量15000风压350.        2.2KV'),('排烟风机箱',13,NULL,6,'风量6120风压330       1.5KW'),('阀门',8,NULL,3,'DN50'),('信号线',2,NULL,24,'NH--BV--2*1.5'),('信号线（红兰）',2,NULL,24,'NH--BV--2*1.5'),('电话线（红黄）',2,NULL,24,'NH--BV--2*1.5'),('层显线（红黑）',2,NULL,24,'NH--BV--2*1.5'),('电线电缆',2,NULL,1,'NH-KVV-4*2.5 红黄蓝绿 '),('电源线（黑白）',2,NULL,24,'NH--BV--2*2.5'),('中大三通',1,NULL,3,'DN25*32*25'),('侧大三通',NULL,NULL,3,'DN40*25*32'),('三通',NULL,NULL,3,'DN50*25'),('镀锌钢管',1,NULL,1,'DN100*3.75'),('Y型过滤器-',8,NULL,3,'DN100'),('刚卡',9,NULL,3,'100*80'),('机械三通',9,NULL,3,'DN100*80'),('消火栓箱门框玻璃',7,NULL,18,'1800门的上半部分，加宽'),('消火栓箱门框玻璃',7,NULL,18,'（1600门的上半部分）'),('消火栓箱门框玻璃',7,NULL,18,'1800门的下半部分，加宽'),('消火栓箱门框玻璃',7,NULL,18,'1600门的下半部分'),('温感+',3,NULL,3,''),('5000主机面膜',3,NULL,18,''),('节流孔板（装在普通消火栓头上）',21,NULL,4,'小孔3CM'),('节流孔板（装在普通消火栓口上）',21,NULL,4,'小孔3CM'),('消火栓转盘',21,NULL,3,''),('灭火器',21,NULL,32,'MF/ABC3'),('自救盘',21,NULL,3,''),('钢质门',21,NULL,14,'1500*2100'),('木质乙级防火门',21,NULL,14,'1800*2100'),('16平方接地线',2,NULL,1,''),('控制箱',14,NULL,6,'APE01'),('控制箱',14,NULL,6,'APE02'),('控制箱',14,NULL,6,'APE03'),('控制箱',14,NULL,6,'1ALE1'),('控制箱',14,NULL,6,'2ALE'),('控制箱',14,NULL,6,'1ALE2'),('电缆',2,NULL,1,'YJV5*6'),('电缆',2,NULL,1,'YJV-5*6'),('电缆',2,NULL,1,'ZR-YJV-4*50'),('电缆',2,NULL,1,'ZR-YJX-5*6'),('双平弯头',1,NULL,3,'DN100*45° '),('双平短管',NULL,NULL,3,'DN100*200'),('承插弯头',NULL,NULL,3,'DN100*90度'),('三平三通',NULL,NULL,3,'DN100*100'),('电缆',2,NULL,1,'ZR-YJV3*50+2*25'),('灭火器箱',7,NULL,3,''),('水泵接合器',7,NULL,5,'SQ150（简易型）'),('编码器',3,NULL,3,''),('报警设备编码器',3,NULL,3,'深圳赋按'),('橡胶垫片',21,NULL,20,'DN50'),('橡胶垫片',21,NULL,20,'DN80'),('橡胶垫片',21,NULL,20,'DN100'),('螺丝螺母',21,NULL,5,'∅15'),('消火栓箱门框',7,NULL,3,'1800(1200+600)*700*240'),('异径三通',21,NULL,3,'DN150*100'),('开孔器',21,NULL,3,'DN50'),('开孔器',21,NULL,3,'DN32'),('角铁',1,NULL,1,'3#'),('插孔电话面板',3,NULL,3,''),('玻璃门隔断',21,NULL,15,''),('插座',21,NULL,3,'16A,380V'),('焊接法兰',9,NULL,20,'DN100'),('盲板',9,NULL,4,'DN80'),('消声百叶',21,NULL,4,'1000*200'),('消声百叶',21,NULL,4,'800*400'),('消声百叶',21,NULL,4,'800*300'),('FD 70℃防火阀',13,NULL,4,'1000*2000'),('FD 70℃防火阀',13,NULL,4,'800*400'),('FD 70℃防火阀',13,NULL,4,'800*300'),('SD 280℃防火阀',13,NULL,4,'2400*500'),('SD 280℃防火阀',13,NULL,4,'2200*500'),('SD 280℃防火阀',13,NULL,4,'1000*1000'),('SD 280℃防火阀',13,NULL,4,'2500*500'),('SD 280℃防火阀',13,NULL,4,'2600*500'),('SD 280℃防火阀',13,NULL,4,'2000*550'),('止回阀',13,NULL,4,'1000*1000'),('防火阀',13,NULL,3,'D500'),('防火阀',13,NULL,3,'D600'),('双层百叶风口带阀',13,NULL,4,'600*400'),('倾斜式微压计',21,NULL,4,''),('排风机',21,NULL,6,'DN13-5B,Q=5300CMH,N=0.55KW'),('脚踏电动送风机DJF-1',21,NULL,6,'Q=1200-3200m³/h,N=1.1kw'),('粗过滤器 LWP-X',21,NULL,4,'4块组合Q=1600CMH Φ=666 '),('手动双连杆密闭阀',16,NULL,4,'SMF60    DN600'),('手动双连杆密闭阀',16,NULL,4,'SMF50    DN500'),('过滤吸收器RFP-1000',16,NULL,4,'Q=1000CMH'),('插板阀',16,NULL,4,'Φ666'),('超压排气阀',16,NULL,4,'PS250'),('换气堵头',16,NULL,4,'D500'),('MD密闭风阀',16,NULL,4,'800*400h'),('壁式排风机XBDZ-3.6',21,NULL,6,'Q=2200CMH,N=0.25KW,1450rpm,P=75Pa.'),('壁式排风机XBDZ-3.6',21,NULL,6,'Q=2250CMH,N=0.25KW,1450rpm,P=75Pa.'),('壁式排风机XBDZ-2.8',21,NULL,6,'Q=1500CMH,N=0.1KW,1450rpm,P=50Pa.'),('壁式排风机XBDZ-2.8',21,NULL,6,'Q=1200CMH,N=0.1KW,1450rpm,P=50Pa.'),('FD70℃防火阀',13,NULL,4,'600*300'),('消声百叶',21,NULL,4,'1000*2000'),('消防送风用轴流风机',13,NULL,3,'SFJ-1-BI-1：流量30000M3/H、转速1450RPM、余压500PA、电力380/3/50VOLT/Q/HZ、11KW'),('消防送风用轴流风机SFJ-1-B1-1',13,NULL,3,'流量30000M3/H、转速1450RPM、余压500PA、380/3/50VOLT/0/HZ、11KW'),('消防送风用轴流风机',13,NULL,3,'SFJ-1-B1-2(流量37000M3/H、转速1450RPM、余压500PA、电力380/3/50VOLT/0/HZ、11KW'),('消防送风用轴流风机',13,NULL,3,'SFJ-1-B1-3(流量30000、转速1450RPM、余压500PA、电力380/3/50VOLT/O/HZ、11KW'),('消防送风用轴流风机',13,NULL,3,'SFJ-1-B1-4(流量37000、转速1450RPM、余压500PA、电力380/3/50VOIT/0/HZ、11KW'),('消防送风用轴流风机',13,NULL,3,'SFJ-1-B1-5(流量7500、转速1450RPM、余压250PA、电力380/3/50V0LT/0/HZ、1.1KW'),('消防送风用轴流风机',13,NULL,3,'SFJ-1-B1-6(流量7500M3/H、转速1450RPM、余压250PA、电力380/3/50VOLT/O/HZ、1.1KW'),('消防送风用轴流风机',13,NULL,3,'SFJ-1-B1-1'),('消防送风用轴流风机',13,NULL,3,'SFJ-1-B1-2'),('消防送风用轴流风机',13,NULL,3,'GFJ-1-B1-3'),('消防送风用轴流风机',13,NULL,3,'SFJ-1-B1-4'),('消防送风用轴流风机',13,NULL,3,'SFJ-1-B1-5'),('消防送风用轴流风机',13,NULL,3,'SFJ-1-B1-6'),('消防送风用轴流风机',13,NULL,3,'SFJ-1-R-1'),('消防送风用轴流风机',13,NULL,3,'SFJ-1-R-2'),('消防送风用轴流风机',13,NULL,3,'SFJ-1-R-3'),('消防送风用轴流风机',13,NULL,3,'SFJ-1-R-4'),('70度防烟防火阀',13,NULL,3,'DN750'),('70度防烟防火阀',13,NULL,3,'DN800'),('70度防烟防火阀',13,NULL,3,'800*500'),('壁式轴流排风机',13,NULL,3,'风量2000M3/H、转速1450RPM、余压100PA、电力220/1/50VOLT/O/HZ、0.55KW'),('转换法兰',9,NULL,20,'DN108'),('信号线（红）',2,NULL,1,'NH-BV-1.5'),('信号线(蓝）',2,NULL,1,'NH-BV-2.5'),('电源线',2,NULL,1,'NH-BV-2.5'),('电源线（黑）',2,NULL,1,'NH-BV-2.5'),('信号线（蓝）',2,NULL,1,'NH-BV-1.5'),('电源线(白）',2,NULL,1,'NH-BV-2.5'),('电话线',2,NULL,1,'NH-BV-1.5'),('电话线（红）',2,NULL,1,'NH-BV-1.5'),('电话线(黄）',2,NULL,1,'NH-BV-1.5'),('信号线（红）',2,NULL,1,'WDZN--BYJ--1.5'),('信号线（蓝）',2,NULL,1,'WDZN--BYJ--1.5'),('信号线（蓝）',2,NULL,1,'WDZN-BYJ-1.5'),('电源线（黑）',2,NULL,1,'WDZN-BYJ-2.5'),('电源线（白）',2,NULL,1,'WDZN--BYJ--2.5'),('电话线',2,NULL,1,'WDZN--BYJ--1.5'),('电话线（红）',2,NULL,1,'WDZN--BYJ--1.5'),('温感底座',3,NULL,3,''),('电话线（黄）',2,NULL,1,'WDZN--BYJ--1.5'),('沥青漆',21,NULL,17,''),('阻燃电线',2,NULL,1,'ZR-BV-1.0'),('镀锌管',1,NULL,1,'D125*4.0'),('电线电缆',2,NULL,1,'NH-RVS-2*2.5'),('电线电缆',2,NULL,1,'NH-RVS-2*1.5'),('堵头',22,NULL,3,'DN32'),('Y型过滤器+',8,NULL,3,'DN40'),('消火栓箱门框玻璃',21,NULL,18,'970*565'),('消火栓箱门框玻璃',21,NULL,18,'570*610'),('消火栓箱门框玻璃',21,NULL,18,'600*610'),('消火栓箱门框玻璃',21,NULL,18,'600*1160'),('消火栓箱门框玻璃',21,NULL,18,'565*605'),('消火栓箱门框玻璃',21,NULL,18,'865*565'),('消火栓箱门框玻璃',21,NULL,18,'970*575'),('防火桥架',4,NULL,1,'50*50'),('金属软管',1,NULL,19,'Φ32 22米/箱'),('金属软管',1,NULL,19,'Φ25 22米/箱'),('弯头',22,NULL,3,'DN20'),('弯头',22,NULL,3,'DN15'),('三通',9,NULL,3,'DN100*65'),('三通',9,NULL,3,'DN100*80'),('彩钢瓦',21,NULL,18,'1800*1000'),('机械三通',9,NULL,3,'DN219*159'),('大小头-DN219*159',9,NULL,3,'DN219*159'),('高径法兰',8,NULL,3,'DN159'),('异径三通',9,NULL,3,'DN150*65'),('机械三通',9,NULL,3,'DN150*25'),('镀锌配件',22,NULL,3,'DN50*32*32'),('侧大三通',22,NULL,3,'DN50*32*40'),('侧大三通',22,NULL,3,'DN65*50*32'),('侧大三通',22,NULL,3,'DN65*32*50'),('中大三通',22,NULL,3,'DN25*32*25'),('高径法兰',9,NULL,3,'DN159'),('高径法兰',9,NULL,3,'DN108'),('消防·送风用轴流风机',13,NULL,3,'SFJ-2-B1-1'),('消防送风用轴流风机',13,NULL,3,'SFJ-2-B1-2'),('消防送风用轴流风机',13,NULL,3,'SFJ-2-1-1'),('消防送风用轴流风机',13,NULL,3,'SFJ-2-1-2'),('消防送风用轴流风机',13,NULL,3,'SFJ-2-1-3'),('消防送风用轴流风机',13,NULL,3,'SFJ-2-1-4'),('消防送风用轴流风机',13,NULL,3,'SFJ-2-R-1'),('消防送风用轴流风机',13,NULL,3,'SFJ-2-R-2'),('消防送风用轴流风机',13,NULL,3,'SFJ-2-R-3'),('消防送风用轴流风机',13,NULL,3,'SFJ-2-R-4'),('壁灯光源',29,NULL,3,'JD100W'),('电缆',2,NULL,1,'ZR-YJV-4*6'),('KBG弯头',5,NULL,3,'Φ40*90°'),('KBG弯头',5,NULL,3,'Φ40*45°'),('线管索母',5,NULL,3,'Φ40'),('自救卷盘',7,NULL,5,'25m 含铜枪头 新标'),('塑料密封圈',21,NULL,4,'DN100'),('消防送风用轴流风机',13,NULL,3,'SFJ-3-B1-1'),('消火栓箱门框',7,NULL,4,'1820(1210+610)*765 配磨砂玻璃'),('消防水带',7,NULL,5,'25米 含水枪接扣 新标'),('消防送风用轴流风机',13,NULL,3,'SFJ-3-B1-2'),('自救卷盘',7,NULL,5,'20m 含铜枪头 新标'),('消防送风用轴流风机',13,NULL,3,'SFJ-3-R-1'),('消防送风用轴流风机',13,NULL,3,'SFJ-3-R-2'),('消防送风用轴流风机',13,NULL,3,'SFJ-3-R-3'),('消防送风用轴流风机',13,NULL,3,'SFJ-3-R-4'),('70度防烟防火阀',13,NULL,3,'D900'),('消防送风用轴流风机',13,NULL,3,'SFJ-5-B1-1'),('消防送风用轴流风机',13,NULL,3,'SFJ-5-BI-2'),('消防送风用轴流风机',13,NULL,3,'SFJ-5-R-1'),('消防送风用轴流风机',13,NULL,3,'SFJ-5-R-2'),('消防送风用轴流风机',13,NULL,3,'SFJ-5-R-3'),('消防送风用轴流风机',13,NULL,3,'SFJ-5-R-4'),('消防水带',NULL,NULL,5,'20米 含水枪接扣 新标'),('镀锌钢管',22,NULL,3,'32'),('消防送风用轴流风机',13,NULL,3,'SFJ-6-B1-1'),('消防送风用轴流风机',13,NULL,3,'SFJ-6-B1-2'),('消防送风用轴流风机',13,NULL,3,'SFJ-6-B1-3'),('消防送风用轴流风机',13,NULL,3,'SFJ-6-B1-4'),('消防送风用轴流风机',13,NULL,3,'SFJ-6-B1-5'),('消防送风用轴流风机',13,NULL,3,'SFJ-6-B1-6'),('消防送风用轴流风机',13,NULL,3,'SFJ-6-R-1'),('消防送风用轴流风机',13,NULL,3,'SFJ-6-R-2'),('消防送风用轴流风机',13,NULL,3,'SFJ-6-R-3'),('消防送风用轴流风机',13,NULL,3,'SFJ-6-R-4'),('其他',22,NULL,3,'50*32*32'),('镀锌钢管',22,NULL,3,'80*65*40'),('镀锌钢管',22,NULL,3,'80*25'),('侧大三通',22,NULL,3,'DN65*50*25'),('消防送风用轴流风机',13,NULL,3,'SFJ-7-B1-1'),('消防送风用轴流风机',13,NULL,3,'SFJ-7-B1-2'),('消防送风用轴流风机',13,NULL,3,'SFJ-7-B1-3'),('消防送风用轴流风机',13,NULL,3,'SFJ-7-B1-4'),('消防送风用轴流风机',13,NULL,3,'SFJ-7-B1-6'),('消防送风用轴流风机',13,NULL,3,'SFJ-7-B1-5'),('消防送风用轴流风机',13,NULL,3,'SFJ-7-R-1'),('消防送风用轴流风机',13,NULL,3,'SFJ-7-R-2'),('消防送风用轴流风机',13,NULL,3,'SFJ-7-R-3'),('消防送风用轴流风机',13,NULL,3,'SFJ-7-R-4'),('三通',22,NULL,3,'DN80*50'),('阀门',22,NULL,3,'65*32'),('开孔器',9,NULL,3,'DN80'),('软接',22,NULL,3,'DN100'),('弯头',22,NULL,3,'DN100*45°'),('弯头',22,NULL,3,'DN150*45°'),('大小头',22,NULL,3,'DN150*80'),('大小头',22,NULL,3,'DN150*25'),('大小头',22,NULL,3,'DN150*50'),('大小头',22,NULL,3,'DN150*40'),('大小头',22,NULL,3,'DN150*32'),('大小头',22,NULL,3,'DN100*50'),('大小头',22,NULL,3,'DN100*32'),('异径弯头',22,NULL,3,'DN80*65'),('弯头',22,NULL,3,'DN40*45°'),('三通',22,NULL,3,'DN80*25'),('正四通',9,NULL,3,'DN100*70'),('沟槽开孔三通',9,NULL,3,'DN150*65'),('沟槽开孔三通',9,NULL,3,'DN150*25'),('沟槽开孔三通',9,NULL,3,'DN100*40'),('沟槽开孔三通',9,NULL,3,'DN100*32'),('沟槽开孔三通',9,NULL,3,'DN150*50'),('沟槽开孔三通',9,NULL,3,'DN150*40'),('沟槽开孔三通',9,NULL,3,'DN150*32'),('消防送风用轴流风机',13,NULL,3,'SFJ-9-B1-1'),('消防送风用轴流风机',13,NULL,3,'SFJ-9-B1-2'),('消防送风用轴流风机',13,NULL,3,'SFJ-9-B1-3'),('消防送风用轴流风机',13,NULL,3,'SFJ-9-B1-4'),('消防送风用轴流风机',13,NULL,3,'SFJ-9-1-1'),('消防送风用轴流风机',13,NULL,3,'SFJ-9-1-2'),('消防送风用轴流风机',13,NULL,3,'SFJ-9-R-1'),('消防送风用轴流风机',13,NULL,3,'SFJ-9-R-2'),('消防送风用轴流风机',13,NULL,3,'SFJ-9-R-3'),('消防送风用轴流风机',13,NULL,3,'SFJ-9-R-4'),('消防送风用轴流风机',13,NULL,3,'SFJ-10-B1-1'),('消防送风用轴流风机',13,NULL,3,'SFJ-10-R-1'),('消防送风用轴流风机',13,NULL,3,'SFJ-10-R-2'),('消防送风用轴流风机',13,NULL,3,'SFJ-11-B1-1'),('消防送风用轴流风机',13,NULL,3,'SFJ-11-R-1'),('消防送风用轴流风机',13,NULL,3,'SFJ-11-R-2'),('消防送风用轴流风机',13,NULL,3,'SFJ-12-B1-1'),('大小头',22,NULL,3,'DN65*32'),('消防送风用轴流风机',13,NULL,3,'SFJ-12-B1-2'),('消防送风用轴流风机',13,NULL,3,'SFJ-12-R-1'),('消防送风用轴流风机',13,NULL,3,'SFJ-12-R-2'),('消防送风用轴流风机',13,NULL,3,'SFJ-12-R-3'),('消防送风用轴流风机',13,NULL,3,'SFJ-12-R-4'),('消防送风用轴流风机',13,NULL,3,'SFJ-15-B1-01'),('消防送风用轴流风机',13,NULL,3,'SFJ-15-B1-02'),('消防送风用轴流风机',13,NULL,3,'SFJ-16-B1-1'),('消防送风用轴流风机',13,NULL,3,'SFJ-16-B1-2'),('电线电缆',2,NULL,1,'ZR-BV-4'),('橡塑保温棉',21,NULL,1,'DN100'),('电线电缆',2,NULL,1,'ZRYJV-3*4'),('电线电缆',2,NULL,1,'ZRYJV-4*10'),('电线电缆',2,NULL,1,'ZRYJV-4*4'),('电线电缆',2,NULL,1,'ZRKVV-18*1.5'),('消火栓箱壳',7,NULL,3,'1800(1000+800)*700'),('镀锌管',1,NULL,1,'D125'),('双承中平三通',21,NULL,3,'DN150*100'),('双承弯头',21,NULL,3,'DN150*45°  '),('双承弯头',21,NULL,3,' DN150*90° '),('边墙排风机',13,NULL,6,'SEF-250，Q=390CMH,H=100Pa,N=0.05KW,220V'),('边墙排风机',13,NULL,6,'SEF-250，Q=52000CMH,H=690Pa，N=15KW,220V'),('常闭多叶送风口',13,NULL,3,'宽750*高（800+250）'),('常闭多叶送风口1',13,NULL,3,'宽750*高（800+250）'),('正四通',9,NULL,3,'DN108'),('70°防火阀',13,NULL,3,'宽300*高200'),('70°防火阀1',13,NULL,3,'宽300*高200'),('侧大三通',22,NULL,3,'DN50*40*40'),('边墙排风机',13,NULL,6,'SEF-250，Q=200CMH,H=120Pa,N=0.05KW,220V'),('侧大四通',22,NULL,4,'DN65*50*25'),('侧大四通',22,NULL,4,'DN65*50*32'),('侧大四通',22,NULL,4,'DN65*50*40'),('侧大四通',22,NULL,4,'DN80*65*40'),('常闭多叶送风口',13,NULL,3,'600*（1000+250）'),('防雨百叶',13,NULL,3,'320*250'),('侧大三通',22,NULL,3,'DN40*32*32'),('PPR阀门',8,NULL,3,'DN40'),('PPR管三通',NULL,NULL,3,'DN40'),('地埋式宽式龙头',NULL,NULL,3,''),('UPVC 45°弯头',NULL,NULL,3,'De110'),('UPVC 45°弯头',NULL,NULL,3,'De75'),('PPR管弯头',NULL,NULL,3,'DN40'),('排烟风机',13,NULL,6,'34430CMH,   565Pa,   11KW'),('排烟风机',13,NULL,6,'18000CMH,   540Pa,   11KW'),('排烟风机',13,NULL,6,'34430CMH,   565Pa,   15KW'),('排烟风机',13,NULL,6,'27890CMH,   449Pa,   11KW'),('排烟防火阀',13,NULL,6,'2000*400'),('软接头',21,NULL,3,'DN100'),('对开多叶调节阀',13,NULL,3,'2000*320'),('对开多叶调节阀',13,NULL,3,'1250*250'),('对开多叶调节阀1',13,NULL,3,'1000*320'),('70°防火阀',13,NULL,3,'320*250'),('单层百叶带调节阀',13,NULL,4,'800*200'),('单层百叶带调节阀',13,NULL,4,'500*250'),('电线电缆',2,NULL,1,'WDZN-KYJY-2.5'),('消火栓箱门框',7,NULL,4,'1600(1000+600)*650'),('消火栓箱门框玻璃',7,NULL,18,'51.5*55.5'),('消火栓箱门框玻璃',7,NULL,18,'51.5*101.5'),('低烟无卤控制电缆',2,NULL,1,'WDZN-KYJYP-7*2.5'),('低烟无卤控制电缆',2,NULL,1,'WDZN-KYJYP-7*1.5'),('低烟无卤控制电缆',2,NULL,1,'WDZN-KYJYP-3*1.5'),('低烟无卤控制电缆',2,NULL,1,'WDZN-KYJYP-3*2.5'),('低烟无卤控制电缆',2,NULL,1,'WDZN-KYJYP-8*2.5'),('控制电缆',2,NULL,1,'KVVP-4*1.5'),('风机',13,NULL,6,'HTFC(DT)-1V NO.25#   25500/37230m³/h  5.1/15.5KW    374/831Pa  500/730r/min'),('风机',13,NULL,6,'HTFC(DT)-1VNO25#,23400/34160m³/h，5.1/15.5KW，391/853Pa，520/730r/min'),('280°防火阀',13,NULL,4,'2500*320'),('280°防火阀',13,NULL,4,'1250*320'),('280°防火阀',13,NULL,4,'800*250'),('单层百叶带调节阀',21,NULL,4,'400*200'),('开孔器',21,NULL,5,'D65 配连接杆'),('自垂百叶',21,NULL,4,'内径尺寸500*400'),('风机',13,NULL,6,'SWF-1 NO7.5,23044m³/h，全压832Pa，N=7.5kw'),('70°防火阀',13,NULL,4,'Φ760'),('70°防火阀',13,NULL,4,'Φ500'),('止回阀',13,NULL,4,'Φ760'),('混流风机',13,NULL,6,'Q=2000m³/h，p=245Pa，N=0.66kw'),('70°防火阀',13,NULL,6,'500*320'),('风机',13,NULL,6,'HL3-2A-NO4.0A,Q=3064m³/h，全压347pa，N=0.75kw'),('单层百叶',21,NULL,4,'500*200'),('低烟无卤控制电缆',2,NULL,1,'WDZN-KVV-8*1.5'),('低烟无卤控制电缆',2,NULL,1,'WDZN-KVV(8*1.5+2*2.5)'),('低烟无卤控制电缆',2,NULL,1,'WDZN-KVV 10*1.5'),('低烟无卤控制电缆',2,NULL,1,'WDZN-KVV 2*1.5'),('低烟无卤控制电缆',2,NULL,1,'WDZN-KVV 4*1.5'),('低烟无卤控制电缆',2,NULL,1,'WDZN-KVV-16*1.5'),('低烟无卤电力电缆',2,NULL,1,'WDZN-YJY-4*10'),('端子箱',21,NULL,4,'200*300'),('接线端子排',21,NULL,25,''),('水泵接合器',7,NULL,5,'DN100'),('网络光纤',21,NULL,1,''),('电线管',5,NULL,1,'Φ32'),('电线管',5,NULL,1,'Φ50'),('金属软管',21,NULL,1,'Φ32 22米/箱'),('防火涂料',18,NULL,17,'20KG 白色'),('排风兼排烟轴流风机',13,NULL,3,'EFY-OK-01'),('排风兼排烟轴流风机',13,NULL,3,'EFY-OK-05'),('排风兼排烟轴流风机',13,NULL,3,'EFY-OK-16'),('排风兼排烟轴流风机',13,NULL,3,'EFY-OK-19'),('排风兼排烟轴流风机',13,NULL,3,'EFY-OK-21'),('排烟兼排风轴流风机',13,NULL,3,'EFY-OK-22'),('排风兼排烟轴流风机',13,NULL,3,'EFY-OK-24'),('排风轴流风机',13,NULL,3,'EF-OK-01'),('消防排烟、通风柜式离心风机箱',13,NULL,3,'EFY-OK-02'),('消防排烟、通风柜式离心风机箱',13,NULL,3,'EFY-OK-03'),('消防排烟、通风柜式离心风机箱',13,NULL,3,'EFY-OK-04'),('消防排烟、通风柜式离心风机箱',13,NULL,3,'EFY-OK-06'),('消防排烟、通风柜式离心风机箱',13,NULL,3,'EFY-OK-07'),('消防排烟、通风柜式离心风机箱',13,NULL,3,'EFY-OK-08'),('消防排烟、通风柜式离心风机箱',13,NULL,3,'EFY-OK-09'),('消防排烟、通风柜式离心风机箱',13,NULL,3,'EFY-OK-10'),('消防排烟、通风柜式离心风机箱',13,NULL,3,'EFY-OK-11'),('消防排烟、通风柜式离心风机箱',13,NULL,3,'EFY-OK-12'),('消防排烟、通风柜式离心风机箱',13,NULL,3,'EFY-OK-13'),('消防排烟、通风柜式离心风机箱',13,NULL,3,'EFY-OK-14'),('消防排烟、通风柜式离心风机箱',13,NULL,3,'EFY-OK-15'),('消防排烟、通风柜式离心风机箱',13,NULL,3,'EFY-OK-17'),('消防排烟、通风柜式离心风机箱',13,NULL,3,'EFY-OK-18'),('消防排烟、通风柜式离心风机箱',13,NULL,3,'EFY-OK-20'),('消防排烟、通风柜式离心风机箱',13,NULL,3,'EFY-OK-23'),('多风机式诱导风机',13,NULL,3,'YD-OK-A'),('排风兼排烟风机',13,NULL,3,'EF-SEF-B1-01-05/07     PYHL-14A    NO.10.5A'),('排风兼排烟风机',13,NULL,3,'EF-SEF-B1-06   PYHL-14A  NO.10.5A'),('排风兼排烟风机',13,NULL,3,'EF-SEF-B1-08   PYHL--14A    NO.7.5A'),('补风机',13,NULL,3,'SF-B1-01   SWF-1   NO.10'),('补风机',13,NULL,3,'SF-B1-02   SWF-1   NO.10'),('排风机',13,NULL,3,'EF--B1--01/02   SWF--1   NO.2.5'),('排风机',13,NULL,3,'EF-B1-01/02   SWF-1   NO.2.5'),('补风机',13,NULL,3,'SF-B1-04   SWF-1   NO.10'),('排风机',13,NULL,3,'EF-B2-01   SWF-1   NO.2.5'),('正三通',22,NULL,3,'DN25'),('三通',22,NULL,3,'DN50*15'),('三通',22,NULL,3,'DN32*15'),('大小头DN159*108',9,NULL,3,'DN159*108'),('阀门',8,NULL,3,'DN00'),('阀门',8,NULL,3,'dn150'),('双平弯头',21,NULL,3,'DN100*90°'),('双平弯头',21,NULL,3,'DN100*45°'),('三承三通',21,NULL,3,'DN150*150'),('双承中平',21,NULL,3,'150*100'),('双平短管',21,NULL,3,'DN100*300'),('平插',21,NULL,3,'dn150'),('胶圈',21,NULL,4,'100'),('胶圈',21,NULL,4,'150'),('自动跟踪定位射流灭火装置',7,NULL,5,'ZDMS0.6/5S-HB6205C'),('不锈钢金属波纹管',1,NULL,2,'DN100'),('机械三通',9,NULL,3,'DN100*65'),('三通',22,NULL,3,'DN25*15'),('箱泵一体化水箱',12,NULL,5,'WHDXBF-18-18/3.6-30-I Q=5L/S 消火栓调节容积300L 增压设施：XBD4.05/5GQ-2000J120/3'),('焊接法兰',9,NULL,3,'DN100'),('偏心大小头',9,NULL,3,'DN150*100'),('盲板',21,NULL,4,'DN80'),('钢管',1,NULL,1,'DN15'),('接线盒',21,NULL,3,''),('KBG管盒接',21,NULL,3,' Φ20 '),('直接',21,NULL,4,'DN20'),('浮球阀单球',8,NULL,3,'DN15'),('浮球阀单球',8,NULL,3,'DN50'),('镀锌无缝钢管',1,NULL,1,'DN219'),('战时送风机',16,NULL,3,'4--79--NO.3A'),('手摇电动排风机',7,NULL,3,'F270--2'),('干厕排风机',16,NULL,3,'SWF--1    NO.4'),('清洁式通风机',16,NULL,3,'4-79-NO.5A'),('滤毒式通风机',16,NULL,3,'T4-72-NO.3.5A'),('战时排风机',16,NULL,3,'SWF--1   NO.5'),('清洁式通风机',7,NULL,3,'4--79--NO.5A'),('高校底噪声混流送风机',16,NULL,3,'HL3--2A--NO.7.5A'),('高校底噪声混流送风机',16,NULL,3,'PTHL14A--NO.8A'),('多叶调节阀',13,NULL,3,'1000*800'),('多叶调节阀',13,NULL,3,'1250*630'),('多叶调节阀',13,NULL,3,'600*600'),('多叶调节阀',13,NULL,3,'400*600'),('多叶调节阀',13,NULL,3,'D315'),('手动双连杆密闭阀',16,NULL,3,'SMF30'),('干厕排风机',16,NULL,3,'SWF--1  NO.4'),('消声器',24,NULL,4,'2600*500'),('消声器',24,NULL,4,'2500*500h'),('消声器',24,NULL,4,'D1050'),('消声器',24,NULL,4,'1000*1000h'),('消声器',24,NULL,4,'2000*550h'),('消声器',24,NULL,4,'2400*500h'),('防火风口',13,NULL,3,'500*200'),('防火风口',13,NULL,3,'300*300'),('人防标牌',21,NULL,5,'各规格'),('弯头',9,NULL,3,'DN150*11.25°'),('弯头',9,NULL,3,'DN100*11.25°'),('侧大三通',22,NULL,3,'DN80*65*65'),('机械四通',9,NULL,3,'DN150*65'),('焊管',1,NULL,1,'Φ129'),('切管机',21,NULL,6,''),('压槽机',21,NULL,6,''),('开孔机',21,NULL,6,''),('多叶排烟风口',13,NULL,3,'1400*（1000+250）'),('强启箱',13,NULL,6,''),('防火板',4,NULL,15,''),('防火堵料',21,NULL,7,''),('消火栓箱壳',7,NULL,3,'1800*750*220'),('电缆',2,NULL,1,'YJV-4*4'),('消防通风(两用)低噪声柜式离心风机',13,NULL,6,'HTFC-II-28'),('消防通风(两用)低噪声柜式离心风机',13,NULL,6,'HTFC-II-25'),('屋顶水箱',NULL,NULL,5,'W-18-18/3.6-30-I-HDXBF，水箱有效容积18吨    3.0*4.0*2.5(H)'),('槽钢',1,NULL,1,'16#'),('桥架',4,NULL,1,'200*100'),('水平弯',4,NULL,4,'200*100'),('水平下弯',4,NULL,4,'200*100'),('桥架三通',4,NULL,4,'200*100'),('电缆',2,NULL,1,'YJV-5*25'),('电缆',2,NULL,1,'YJV5*16'),('消火栓箱门框',7,NULL,3,'1800（1100+700）*700'),('消火栓箱门框',7,NULL,3,'1600（1000+600）*650'),('工艺风机控制柜',14,NULL,3,'60*50*21'),('丝杆',21,NULL,1,'6#'),('消火栓箱壳',7,NULL,3,'1800*700*240'),('送风机',13,NULL,6,'HTFC-III-9，Q=3000CMH P=350Pa N=1.1KW'),(' 排风机',13,NULL,6,'HTFC-III-9，Q=3400CMH P=350Pa N=1.1KW'),('手动对开多叶调节阀',13,NULL,4,'800*200'),('手动对开多叶调节阀',13,NULL,3,'500*200'),('单层百叶风口带阀',13,NULL,3,'400*150'),('单层百叶风口',13,NULL,6,'1000*800'),('防火卷帘门',15,NULL,14,'3.15*2.55'),('防火卷帘门',15,NULL,14,'5.76*2.55'),('防火卷帘门',15,NULL,14,'3.23*2.55'),('防火卷帘门',15,NULL,14,'3.20*2.55'),('防火卷帘门',15,NULL,14,'5.75*2.55'),('防火卷帘门',15,NULL,14,'3.35*2.55'),('防火卷帘门',15,NULL,14,'1.52*3.1'),('防火卷帘门',15,NULL,14,'2.90*2.55'),('防火卷帘门',15,NULL,14,'5.58*2.55'),('防火卷帘门',15,NULL,14,'1.66*3.10'),('防火卷帘门',15,NULL,14,'2.91*2.55'),('防火卷帘门',15,NULL,14,'5.57*2.55'),('防火卷帘门',15,NULL,14,'2.48*3.10'),('防火卷帘门',15,NULL,14,'1.42*3.1'),('防火卷帘门',15,NULL,14,'2.93*2.55'),('防火卷帘门',15,NULL,14,'5.55*2.55'),('防火卷帘门',15,NULL,14,'1.53*3.10'),('弯头',9,NULL,3,'DN100*22.5'),('通丝接头',NULL,NULL,3,'Φ10'),('KBG管直接',NULL,NULL,3,'Φ40'),('KBG管盒接',NULL,NULL,3,'Φ40'),('金属软管',NULL,NULL,19,'Φ40 15米/箱'),('机械四通',9,NULL,3,'DN100*25*25'),('四通',22,NULL,3,'DN50*40*25'),('四通',22,NULL,3,'DN40*32*25'),('四通',22,NULL,3,'DN32*25*25'),('套管',1,NULL,1,'DN150'),('套管',1,NULL,1,'DN200'),('桥架盖板',4,NULL,1,'100*100'),('钢板',1,NULL,18,'170*170*8mm'),('电缆',2,NULL,1,'KVV12*2.5'),('电缆',2,NULL,1,'kvv10*2.5'),('电缆',2,NULL,NULL,'KVV18*2.5'),('电缆',2,NULL,1,'KVV  18*2.5'),('电缆',2,NULL,1,'KVV2*4'),('电缆',2,NULL,1,'YJV 3*16+1*10'),('电缆',2,NULL,1,'YJV 3*10+1*6'),('KBG管盒接',NULL,NULL,3,'Φ16'),('大小头',9,NULL,3,'DN108×80S'),('扁铁',1,NULL,1,'15#   &=8mm'),('扁铁',1,NULL,1,'8#   &=6mm'),('扁铁',1,NULL,1,'6#   &=5mm'),('弯头',22,NULL,3,'DN50*45°'),('消火栓箱壳',7,NULL,3,'800×650×240'),('70°C防火（调节）阀 ',13,NULL,4,' 1000*500'),('卸压阀 ',13,NULL,4,'1000*500'),('焊接法兰',21,NULL,3,'D150'),('焊接法兰',21,NULL,20,'DN100'),('焊接弯头',21,NULL,3,'DN150'),('焊接三通',21,NULL,3,'DN150'),('沥青漆',21,NULL,17,'10KG'),('玻璃丝布',21,NULL,1,'45*25'),('金属盖板',21,NULL,4,'86型D16孔'),('扪板',21,NULL,3,'DN150'),('M扪板',21,NULL,3,'DN150'),('重型井盖',21,NULL,3,'600*600'),('承插中承三通',21,NULL,3,'DN150*150'),('防火门',21,NULL,14,'1900*2100'),('甲级防火门',21,NULL,14,'2100*1900'),('短路隔离器',3,NULL,4,''),('等电位箱',NULL,NULL,3,'MEB'),('镀锌扁铁',1,NULL,1,'40*4'),('三通·',9,NULL,3,'DN100'),('大小头',9,NULL,3,'DN100*50'),('大小头',9,NULL,3,'DN100*40'),('大小头',9,NULL,3,'DN100*65'),('弯头',9,NULL,3,'DN80'),('弯头',9,NULL,3,'DN65'),('弯头',9,NULL,3,'DN50'),('弯头',9,NULL,3,'DN32'),('弯头',9,NULL,3,'DN25'),('弯头',9,NULL,3,'DN15'),('三通',9,NULL,3,'DN80*50'),('三通',22,NULL,3,'DN80*40'),('三通',22,NULL,3,'DN80*32'),('三通',22,NULL,3,'DN80*65'),('三通',22,NULL,3,'DN65*50'),('三通',22,NULL,3,'DN50*32'),('三通',22,NULL,3,'DN65*32'),('三通',22,NULL,3,'DN65*25'),('三通',22,NULL,3,'DN50*40'),('三通',22,NULL,3,'DN50*25'),('三通',22,NULL,3,'DN25'),('四通',22,NULL,3,'DN80*40'),('中大三通',22,NULL,3,'DN32*25'),('中大三通',22,NULL,3,'DN50*40'),('侧大三通',22,NULL,3,'DN40*32*25'),('侧大三通',22,NULL,3,'DN32*25*25'),('压槽机、切割机、开孔机',9,NULL,5,''),('蜗轮信号碟阀',8,NULL,3,'DN150*1.6MPA'),('水流指示器',7,NULL,3,'ZSJZ/M-150'),('侧大三通',22,NULL,3,'DN50*32*25'),('六角外丝',22,NULL,3,'DN80'),('风口百叶',21,NULL,4,'320*850(250+600)'),('风口百叶',21,NULL,4,'600*400'),('玻璃安全出口',20,NULL,4,''),('消火栓箱门框玻璃',21,NULL,18,'1820*765的上部'),('消火栓箱门框玻璃',21,NULL,18,'1820*765的下部'),('UPVC直接',21,NULL,4,'Φ110'),('扁铁',1,NULL,18,'20*20*0.8'),('减震垫片',21,NULL,20,''),('泄压阀',8,NULL,4,'DN150'),('液压水位控制阀',8,NULL,4,'DN100'),('弯头',9,NULL,4,'DN200*90°'),('正三通',9,NULL,3,'DN200'),('混流风机',13,NULL,6,'HL3-2A-5.5A'),('混流风机',13,NULL,6,'HL3-2A-3.5A'),('消火栓箱门框',7,NULL,3,'1800（1030+770）*700'),('重型井盖',19,NULL,5,'1000*1000'),('四通',22,NULL,3,'DN65*25'),('大小头',9,NULL,3,'DN219*108'),('机械四通',9,NULL,3,'DN100*40*32'),('机械四通',9,NULL,3,'DN100*32*25'),('转换法兰',9,NULL,3,'DN150'),('四通',22,NULL,3,'DN50*25'),('四通',22,NULL,3,'DN40*25'),('四通',22,NULL,3,'DN32*25'),('四通',22,NULL,3,'DN65*40'),('开孔器',9,NULL,5,'DN80 配连接杆'),('异径弯头',22,NULL,3,'DN65*50'),('下喷',10,NULL,3,'D15'),('电缆',2,NULL,1,'3*50+2*25'),('刚卡',9,NULL,3,'DN80'),('异径弯头',22,NULL,3,'DN40*32'),('消火栓箱壳',7,NULL,5,'1600（1000+600）*700'),('异径弯头',22,NULL,3,'DN65*32'),('异径弯头',22,NULL,3,'DN65*40'),('焊接钢管',1,NULL,1,'DN125*2mm'),('侧大三通',22,NULL,3,'DN80*50*50'),('四通',22,NULL,3,'DN80*50*50'),('机械四通',9,NULL,3,'DN159*50*40'),('机械四通',9,NULL,3,'DN159*40*40'),('机械四通',9,NULL,3,'DN159*40*32'),('机械三通',9,NULL,3,'DN159*40*32'),('机械四通',9,NULL,3,'DN108*60'),('大小头',9,NULL,3,'DN159*42'),('连接杆',9,NULL,3,''),('机械三通',9,NULL,3,'DN159*32*25'),('三通',22,NULL,3,'DN40*25*32'),('大小头',NULL,NULL,3,'DN159*40'),('大小头',9,NULL,3,'DN159*32'),('crt软件',3,NULL,5,''),('屋顶水箱',12,NULL,5,'18T  3000*3000*2000'),('消火栓稳压泵',11,NULL,6,'XBD4.05/5GQ-200QJ120/3'),('回路板',21,NULL,18,''),('系统板',3,NULL,18,''),('4A电源',3,NULL,3,''),('17A电池',3,NULL,3,''),('32A电源',3,NULL,6,''),('CPU扩容',3,NULL,NULL,''),('盲板',9,NULL,3,'DN150'),('盲板',9,NULL,3,'DN100'),('连接杆',21,NULL,2,''),('无缝钢管',1,NULL,1,'DN159*5.0'),('无缝钢管',1,NULL,1,'108×4.0'),('喷漆',18,NULL,27,''),('球墨管',1,NULL,1,'DN200'),('镀锌内衬塑钢管',1,NULL,1,'DN50×3.5'),('镀锌内涂塑钢管',1,NULL,1,'DN150×4.1'),('标示贴',21,NULL,34,''),('消火栓箱门框玻璃',7,NULL,18,'870*565'),('PVC线管',21,NULL,2,'20'),('阻燃耐火电线',2,NULL,1,'ZCN-RVS-2*1.5 红 蓝'),('阻燃耐火电线',2,NULL,1,'ZCN-RVS-2*1.0 黄 绿'),('阻燃耐火电线',2,NULL,1,'ZCN-RVS-2*1.5 黑 白'),('阻燃耐火电线',2,NULL,1,'ZCN-BV-1.5 红'),('阻燃耐火电线',2,NULL,1,'ZCN-BV-1.5 蓝'),('阻燃耐火电线',2,NULL,1,'ZCN-BV-2.5 红'),('阻燃耐火电线',2,NULL,1,'ZCN-BV-2.5 蓝'),('阻燃耐火电线',2,NULL,1,'ZCN-BV-1.5 黄'),('阻燃耐火电线',2,NULL,1,'ZCN-BV-1.5 绿'),('阻燃耐火电线',2,NULL,1,'ZCN-BV-2.5 黄'),('阻燃耐火电线',2,NULL,1,'ZCN-BV-2.5 绿'),('双色线',2,NULL,1,'ZR-BV-2.5'),('弯头',22,NULL,4,'DN32'),('三通',9,NULL,3,'DN100*50'),('机械三通',9,NULL,3,'DN100*15'),('止回阀',8,NULL,3,'DN50'),('清漆',18,NULL,17,''),('隔膜气压罐',21,NULL,6,'300L,含压力表等配件'),('水泵',11,NULL,6,'Q=5.0L/s   h=30      '),('消火栓箱壳',7,NULL,3,'1800*700*220'),('消火栓箱门框',7,NULL,14,'1600（1015+585）*700'),('转换法兰',9,NULL,3,'DN219'),('电源开关',21,NULL,3,'300W'),('喷淋装饰罩',7,NULL,3,'68°、D16'),('三通',22,NULL,3,'DN80*25*65'),('侧大三通',22,NULL,3,'DN65*40*50'),('内外丝束节',22,NULL,3,'∮25'),('大小头',9,NULL,3,'DN219*32'),('大小头',21,NULL,3,'DN150*100'),('电缆',2,NULL,1,'WDZN-KVV-8*2.5'),('切割机刀片',21,NULL,4,''),('管道塑料装饰圈',21,NULL,4,'Φ40'),('管道塑料装饰圈',21,NULL,4,'Φ75'),('管道塑料装饰圈',21,NULL,4,'Φ110'),('消火栓箱门框玻璃',7,NULL,18,'1200*700'),('消火栓箱门框玻璃',7,NULL,18,'1000*650'),('消火栓箱门框',7,NULL,32,'1800（1230+570）*650左锁'),('消火栓箱门框',7,NULL,32,'1900（1250+650）*750左锁'),('消火栓箱门框',7,NULL,32,'1900（1250+650）*750右锁'),('消火栓箱门框',7,NULL,32,'1700(1050+650)*700左锁'),('消火栓箱门框',7,NULL,32,'1750（1100+650）*700右锁'),('消火栓箱门框',7,NULL,32,'1800（1230+570）*650右锁'),('消火栓箱门框',7,NULL,32,'1900(1330+570)*750左锁'),('消火栓箱门框',7,NULL,32,'1900(1330+570)*750右锁'),('消火栓箱门框玻璃',21,NULL,18,'620*1070'),('消火栓箱门框玻璃',21,NULL,18,'1200*620'),('三通',9,NULL,3,'DN80*65*80'),('端子箱',21,NULL,3,'250*300'),('短丝',22,NULL,3,'DN15'),('消火栓箱门框',7,NULL,NULL,'1800(1150+650)*700磨砂玻璃'),('天纳水',18,NULL,17,'8.5KG'),('电线电缆',2,NULL,1,'ZRBV-2*2.5'),('电线电缆',2,NULL,1,''),('电线电缆',2,NULL,1,'NH-BV-2*2.5'),('消防电话插孔接口',3,NULL,4,'ts-gstn604'),('按钮',3,NULL,3,'防爆呼叫按钮'),('人防指示牌',21,NULL,5,''),('异径三通',22,NULL,3,'DN25*15'),('排气扇',21,NULL,3,''),('280℃防火阀',13,NULL,4,'2500*320'),('280°C防火阀',13,NULL,4,'2000*400'),('280°C防火阀',13,NULL,4,'1000*1250'),('双层百叶',13,NULL,4,'1000*800'),('双层百叶',13,NULL,4,'800*500'),('分机电话',3,NULL,3,''),('280℃防火阀',13,NULL,4,'2000*500'),('减压孔板',21,NULL,20,'DN65 消火栓专用'),('70℃防火阀',13,NULL,4,'1250*500'),('水枪',7,NULL,3,''),('自垂百叶风口',21,NULL,4,'1000*1200'),('自垂百叶风口',21,NULL,4,'600*2000'),('自垂百叶风口',21,NULL,4,'650*1800'),('单层百叶风口',21,NULL,4,'2000*630'),('单层百叶风口',21,NULL,4,'800*320'),('单层百叶风口',21,NULL,4,'1600*350'),('单层百叶风口',21,NULL,4,'2500*600'),('单层百叶风口',21,NULL,4,'3000*500'),('单层百叶风口',21,NULL,4,'1500*400'),('70 ℃防火阀',13,NULL,3,'320*320'),('70 ℃防火阀',13,NULL,3,'400*160'),('风量调节阀',13,NULL,4,'800*320'),('自救卷盘铜枪头',7,NULL,3,''),('软管抱箍',7,NULL,3,''),('手报',7,NULL,3,''),('手动报警器盖子',7,NULL,3,''),('消火栓箱贴纸',NULL,NULL,34,'商标'),('推标签纸',NULL,NULL,3,''),('阻燃控制电缆',2,NULL,1,'ZR-VV-2*2.5'),('排烟风机',13,NULL,6,'HTF-I-6.5#  18800m3/h  558Pa  5.5KW'),('混流风机',13,NULL,6,'SWF-I-6.5#  27000m3/h  810Pa  7.5KW'),('排气扇',13,NULL,6,'200m3/h  50Pa  0.025KW'),('排气扇',13,NULL,6,'400m3/h  200Pa  0.04KW'),('70°C防火阀',13,NULL,3,'160*160'),('70°C防火阀',13,NULL,3,'320*320'),('70°C防火阀',13,NULL,3,'1000*1000'),('单层百叶风口',13,NULL,4,'1000*1000'),('单层百叶带阀',13,NULL,4,'1200*500'),('自垂百叶',13,NULL,4,'250*400'),('大小头',9,NULL,3,'DN150*40'),('过滤吸收器',16,NULL,6,'RFP-1000'),('电话线',2,NULL,1,'ZC--RVSP--2*2.5'),('维修控制柜指示灯',21,NULL,3,''),('维修旋钮开关',21,NULL,3,''),('消火栓箱门框',7,NULL,5,'1600（1000+600）*700'),('阀门',8,NULL,3,'DN100'),('手动调节阀',13,NULL,3,'600*400'),('防火门安装',15,NULL,14,'1900*2100'),('盲板',9,NULL,3,'DN108'),('盲板',9,NULL,3,'DN159'),('大小头',22,NULL,3,'50*25'),('接线端子箱',21,NULL,3,'500*600'),('端子箱',21,NULL,3,'400*500'),('金属软管',21,NULL,19,'Φ32 22米/箱'),('双承弯头',1,NULL,3,'DN100*45°'),('电线电缆',2,NULL,1,'ZR-RVS-2*1.0'),('镀锌钢管',1,NULL,1,'200'),('消火栓箱门框',7,NULL,3,'SG24D65-P型'),('消火栓箱门框',7,NULL,3,''),('消火栓箱门框',7,NULL,4,'1900(1330+570)*750'),('双平缩管',1,NULL,3,'100*80'),('三通',9,NULL,4,'DN25*15*25'),('压力表表弯',NULL,NULL,4,'1.6MPa'),('电线电缆',2,NULL,1,'ZR-RVSP-2*1.5'),('大小头',9,NULL,4,'DN159*25'),('喷·锌球墨铸铁管',21,NULL,1,'200'),('双承弯头',21,NULL,3,'DN200*90°'),('双承弯头',21,NULL,3,'DN200*45°'),('双承中平三通',21,NULL,3,'200*150'),('三承三通',21,NULL,3,'DN200*150'),('平球',21,NULL,3,'DN200'),('平插',21,NULL,3,'200'),('止脱胶圈',21,NULL,3,'DN200'),('明杆闸阀',21,NULL,3,'200'),('转换法兰',9,NULL,4,'DN250'),('弯头',9,NULL,3,'DN250'),('消火栓箱壳',7,NULL,4,'2000(1220+780)*750*180'),('消火栓箱门框玻璃',7,NULL,18,'1900*700*180'),('消火栓箱门框',7,NULL,3,'2000*750'),('消火栓箱门框',7,NULL,3,'1900*750'),('钢板',1,NULL,18,'200*200*10mm'),('防火泥',21,NULL,26,''),('同心大小头',8,NULL,3,'125*150'),('软接头',8,NULL,3,'250'),('橡胶软接头',8,NULL,3,'DN250'),('钢板',1,NULL,18,'400*250'),('管帽',21,NULL,3,'DN80'),('盲板',21,NULL,3,'200'),('束节',22,NULL,3,'DN25'),('控制柜',14,NULL,6,'详见图纸'),('配电柜',14,NULL,6,''),('短丝',NULL,NULL,3,'DN65'),('短丝',NULL,NULL,3,'DN32'),('三平三通',21,NULL,3,'DN150*150'),('盒盖',4,NULL,3,'86型'),('金属软管',5,NULL,19,'Φ16 30米/箱'),('短丝',22,NULL,4,'DN50'),('短丝',22,NULL,4,'DN40'),('丝扣法兰',22,NULL,20,'DN32'),('丝扣法兰',22,NULL,20,'DN25'),('丝扣法兰',22,NULL,20,'DN40'),('Y型过滤器',8,NULL,3,'DN80'),('可调式减压阀',8,NULL,3,'DN80'),('扁铁',1,NULL,18,'150*150*5'),('异径三通',22,NULL,3,'DN40*80*65'),('异径三通',22,NULL,3,'DN40*65*50'),('异径四通',22,NULL,3,'DN40*65*50'),('丝扣闸阀',8,NULL,3,'DN40'),('丝扣闸阀',8,NULL,3,'DN32'),('止回阀',8,NULL,3,'DN40'),('止回阀',8,NULL,3,'DN32'),('电缆',2,NULL,1,'NH-kvvp2*1.5'),('电缆',2,NULL,1,'nh-kvv4*1.5'),('电缆',2,NULL,1,'nh-kvv8*1.5'),('电缆',2,NULL,1,'nh-kvvp2*2.5'),('通风方式信号控制箱',16,NULL,4,''),('通风方式信号箱',16,NULL,4,''),('远程呼唤按钮',16,NULL,4,''),('内衬塑镀锌钢管',1,NULL,1,'DN40'),('内衬塑镀锌钢管',1,NULL,1,'DN32'),('侧大四通',22,NULL,3,'DN80*32*65'),('侧大四通',22,NULL,3,'DN65*32*50'),('侧大四通',22,NULL,3,'DN50*32*40'),('电缆',2,NULL,1,'ZR-KVV 6*1.5'),('电缆',2,NULL,1,'ZR-KVV 2*1.5 带屏蔽'),('喷淋泵',11,NULL,6,''),('消火栓泵',11,NULL,3,''),('水箱',12,NULL,6,''),('橡塑保温管',21,NULL,1,'DN100'),('单层百叶风口',13,NULL,3,'1400*980'),('单层百叶风口',13,NULL,3,'1050*850'),('单层百叶风口',13,NULL,3,'600*600'),('PPR管',NULL,NULL,1,'DN110'),('PPR管直接',NULL,NULL,4,'DN110'),('PPR管弯头',NULL,NULL,4,'DN110*90°'),('PPR管弯头',NULL,NULL,4,'DN63*90°'),('PPR管直接',NULL,NULL,4,'DN63'),('PPR铜阀门',NULL,NULL,4,'de63'),('焊接钢管',1,NULL,1,'DN219*2mm'),('内衬塑弯头',22,NULL,3,'DN50'),('内衬塑直接',22,NULL,3,'DN50'),('PPR铜阀门 ',NULL,NULL,4,'DN65'),('PPR铜阀门',NULL,NULL,4,'DN50'),('PPR铜阀门',NULL,NULL,4,'DN40'),('PPR铜阀门',NULL,NULL,4,'DN25'),('管帽 ',22,NULL,3,'DN50'),('防火桥架垂直上翻弯头',4,NULL,4,'DN200*100'),('防火桥架垂直上翻弯头',4,NULL,4,'200*100'),('防火桥架水平90度弯头',4,NULL,4,'200*100'),('防火桥架水平90度弯头',4,NULL,4,'300*100'),('湿式报警阀',21,NULL,6,'ZSFZ-200'),('焊接法兰',1,NULL,3,'DN159'),('法兰盲板',21,NULL,20,'DN150'),('焊接法兰',1,NULL,20,'DN219'),('法兰盲板',1,NULL,20,'DN219'),('侧大三通',22,NULL,3,'DN65*50*50'),('减压阀',8,NULL,3,'DN150\\P1.6MPA'),('压力表',21,NULL,3,'P2.5mpa、y100'),('铜球阀',8,NULL,3,'DN20'),('镀锌钢管',1,NULL,1,'DN1515'),('橡塑保温管',21,NULL,1,'DN80'),('浮球阀',8,NULL,3,'DN80'),('铁盖板',21,NULL,18,'86型'),('直角消声弯头',13,NULL,4,'2200*500H，R250'),('单层百叶排烟口，配手动调节阀',13,NULL,4,'1000*300h'),('双层百叶排风口，配手动调节阀',13,NULL,4,'600*400h'),('UPVC直接',NULL,NULL,4,'De160'),('UPVC 45°弯头',NULL,NULL,4,'De160'),('气密性测量管',16,NULL,3,'DN50'),('弯头',9,NULL,3,'DN165'),('刚卡',9,NULL,3,'DN165'),('电动加压送风口',NULL,NULL,3,'600*1050（800+250）'),('电动加压送风口',NULL,NULL,3,'500*1250（1000+250）'),('双层百叶风口',NULL,NULL,3,'700*700'),('自垂百叶',21,NULL,3,'500*500（洞口尺寸）'),('开孔钻头(配中心钻)',9,NULL,3,'D70'),('开孔钻头(配中心钻)',9,NULL,3,'D64'),('油漆',NULL,NULL,17,'（绿色）'),('消火栓箱壳',7,NULL,3,'2000*750*240'),('消火栓箱门框',7,NULL,4,'2000*750'),('KBG管',5,NULL,1,'Φ20*1.2'),('盒接',5,NULL,4,'20'),('直接',5,NULL,4,'20'),('消火栓箱门框',7,NULL,4,'800*650'),('电线电缆',2,NULL,1,'ZR-BV-1.5'),('电线电缆',2,NULL,1,'ZR-BV-2.5'),('声光',3,NULL,3,''),('隔离模块',3,NULL,3,''),('端子箱',21,NULL,4,'1000*800'),('旋转开关',21,NULL,4,''),('电缆',2,NULL,1,'NH-YJV-4*16'),('电缆',2,NULL,1,'NH-YJV-3*16'),('电缆',2,NULL,1,'NH-BV-4*10'),('电缆',2,NULL,1,'YJV22-4*35+1*16'),('指示灯',21,NULL,4,''),('套管',1,NULL,1,'185'),('明杆铜闸阀',8,NULL,3,'DN65'),('保温棉',21,NULL,1,'DN80'),('保温棉',21,NULL,1,'DN50'),('保温棉',21,NULL,1,'DN32'),('保温棉',21,NULL,1,'DN25'),('机械三通',9,NULL,3,'DN150*65S'),('机械三通',9,NULL,3,'DN150*50S'),('机械三通',9,NULL,3,'DN150*32S'),('三通',22,NULL,3,'DN65*50*25'),('不锈钢金属波纹管',21,NULL,2,'DN25*16KG×300'),('不锈钢金属软管',21,NULL,2,'DN32*16KG×300'),('沟槽螺栓断裂，刚卡爆开，泡电梯',21,NULL,NULL,''),('消火栓箱壳',7,NULL,3,'1400*650*240'),('消火栓箱门框玻璃',21,NULL,18,''),('标牌',21,NULL,3,''),('回路板维修',3,NULL,3,''),('PE钢带管',NULL,NULL,1,'DN200'),('PE钢带管直接',NULL,NULL,3,'DN200'),('重型井盖',NULL,NULL,5,'1720*1130'),('PPR管大小头',NULL,NULL,3,'DN63*40'),('pe钢带管',1,NULL,1,'pe90'),('pe直接',1,NULL,3,'pe90'),('pe弯头',1,NULL,3,'pe90*90度'),('pe三通',1,NULL,3,'pe160*90'),('pe法兰盘',1,NULL,3,'pe90'),('焊接弯头',9,NULL,3,'DN250'),('吸水喇叭口',21,NULL,3,'DN40'),('焊接弯头',9,NULL,3,'DN40'),('消火栓箱壳',21,NULL,3,'1900*750*240'),('电线电缆',2,NULL,1,'NH-BV-10'),('脚踏风机',16,NULL,6,'Q=1200~3200m³/h,1.1kw'),('三通',22,NULL,3,'40*25*40'),('脚踏风机电机',16,NULL,3,'1.1kw'),('强启箱',21,NULL,6,'14个风机强启点'),('三通',22,NULL,3,'32*25*32'),('三通',22,NULL,3,'32*25*25'),('三通',22,NULL,3,'50*25*40'),('单管应急荧光灯',20,NULL,3,''),('应急吸顶灯',20,NULL,3,''),('双头应急灯',20,NULL,3,''),('疏散指示灯',20,NULL,3,''),('标志灯',20,NULL,3,''),('双管荧光灯',20,NULL,5,''),('安全出口',20,NULL,3,''),('管道装饰环',21,NULL,3,''),('六角外丝',22,NULL,NULL,'DN65'),('电缆',2,NULL,1,'KVV5*2.5'),('快速反应喷头 ',10,NULL,3,'K-ZSTZ-15/68℃ - 只'),('K-ZSTZ-15/68℃ - 只',10,NULL,3,'K-ZSTZ-15/68℃ - 只'),('低烟无卤线',2,NULL,1,'WDZCN-BYJ-2.5 '),('大小头',9,NULL,4,'DN159×25S'),('机械三通',9,NULL,4,'DN159×65S'),('机械三通',9,NULL,4,'DN159×40S'),('大小头',9,NULL,4,'DN108×80S'),('连接杆',9,NULL,4,'DN80'),('开孔钻头',9,NULL,4,'DN80'),('开孔钻头',9,NULL,4,'DN65'),('开孔钻头',9,NULL,4,'DN50'),('开孔钻头',9,NULL,4,'DN40'),('连接杆',9,NULL,2,''),('保温用黑膜',21,NULL,7,''),('衬塑弯头',22,NULL,3,'DN40'),('衬塑弯头',22,NULL,3,'DN32'),('衬塑弯头',22,NULL,3,'DN32*15'),('衬塑三通',22,NULL,3,'DN32'),('衬塑三通',22,NULL,3,'DN40'),('衬塑三通',22,NULL,3,'DN40*32*32'),('聚氨脂泡沫填缝剂',21,NULL,27,''),('中心钻',21,NULL,5,'DN65'),('风机电机',13,NULL,6,'0.55KW'),('双承弯头',1,NULL,3,'DN100*22.5°'),('双承弯头',1,NULL,3,'DN150*22.5°'),('双平短管',7,NULL,3,'DN150*500'),('弯头',9,NULL,3,'DN150*100'),('同心大小头',9,NULL,3,'DN250*325'),('同心大小头',9,NULL,3,'DN250*100'),('同心大小头',9,NULL,3,'DN125*150'),('偏心大小头',7,NULL,4,'DN250*150'),('大小头',9,NULL,3,'DN110*50'),('三通',9,NULL,3,'DN110*40'),('正三通',21,NULL,3,'DN63'),('正三通',21,NULL,3,'DN110'),('三通',21,NULL,3,'DN110*63'),('三通',21,NULL,3,'DN63*40'),('三通',21,NULL,3,'75*40'),('大小头',21,NULL,3,'DN63*40'),('大小头',21,NULL,3,'DN110*75'),('大小头',21,NULL,3,'DN75*40'),('弯头',21,NULL,3,'75'),('弯头',21,NULL,3,'110'),('弯头',21,NULL,3,'63'),('弯头',21,NULL,3,'40'),('弯头',21,NULL,3,'50'),('直接',21,NULL,3,'110'),('直接',21,NULL,3,'40'),('直接',21,NULL,3,'75'),('直接',21,NULL,3,'63'),('直接',21,NULL,3,'50'),('PPR内丝直接',21,NULL,3,'DN50'),('PPR闸门',21,NULL,3,'DN32'),('PPR闸门',21,NULL,3,'DN40'),('PVC三通',21,NULL,3,'160*110'),('PVC正三通',21,NULL,3,'160'),('PVC伸缩节',21,NULL,3,'160'),('PVC吊卡',21,NULL,4,'110'),('PVC大小头',21,NULL,3,'160*110'),('PVC地漏',21,NULL,4,'110'),('PVC强卡',21,NULL,3,'110'),('橡胶软接',21,NULL,3,'DN50'),('焊接法兰',22,NULL,20,'DN300'),('焊接弯头',22,NULL,4,'DN300'),('焊接弯头',22,NULL,4,''),('钢卡',9,NULL,4,'DN300'),('卡箍法兰',9,NULL,3,'DN250'),('卡箍弯头',9,NULL,3,'DN250'),('不锈钢金属波纹管',22,NULL,2,'DN250'),('防护阀门',8,NULL,3,'DN150'),('防护阀门',8,NULL,3,'DN100'),('弯头',9,NULL,3,'DN159'),('过滤吸收器',16,NULL,6,'FLD-500'),('防化控制台',16,NULL,6,'KZT'),('通风控制柜',16,NULL,5,''),('U型测压计',16,NULL,5,''),('电缆',2,NULL,1,'KVV-8*1.5'),('微阻缓闭消防水锤止回阀',8,NULL,3,'DN150'),('有机防火泥',21,NULL,7,''),('转子流量计',21,NULL,6,'DN100'),('侧大四通',22,NULL,3,'DN50*32*32'),('合接',22,NULL,3,'DN25'),('普通镀锌钢管',1,NULL,1,'DN300'),('普通镀锌钢管',1,NULL,1,'DN250'),('保温棉',21,NULL,1,'DN65'),('自喷漆',21,NULL,28,'白色'),('保温用铝箔玻璃钢',21,NULL,1,'DN50'),('消防箱',7,NULL,5,'1800*650*240'),('风口百叶',13,NULL,3,'610*750'),('风口百叶',13,NULL,3,'960*1570'),('消防箱门框',7,NULL,5,'1000*650'),('减震台座',21,NULL,3,'150KG'),('减震台座',21,NULL,3,'100KG'),('弹簧隔震吊架',21,NULL,3,'100KG'),('弹簧隔震吊架',21,NULL,3,'150KG'),('弹簧隔震吊架',21,NULL,3,'50KG'),('电阻',3,NULL,4,''),('防火卷帘门',15,NULL,15,'（4960*2800）*5'),('防火卷帘门',15,NULL,15,'（5020*2800）*2'),('防火卷帘门',15,NULL,15,'（5080*2800）*1'),('防火卷帘门',15,NULL,15,'（4890*2800）*1'),('三承三通',NULL,NULL,3,'DN200'),('承插弯头',NULL,NULL,3,'DN200  22.5度'),('双承中平三通',NULL,NULL,3,'DN200*100'),('减震台座',21,NULL,3,'50KG'),('虹吸雨水系统',NULL,NULL,10,'dn63~250'),('暗杆弹性座封闸阀',8,NULL,3,'DN150'),('烟感底座',3,NULL,3,''),('消防箱箱门',7,NULL,3,'1600*550（底到隔板600）锁在左边'),('橡塑保温',21,NULL,1,'DN25'),('橡塑保温',21,NULL,1,'DN32'),('橡塑保温',21,NULL,1,'DN50'),('橡塑保温',21,NULL,1,'DN100'),('端子箱',21,NULL,3,'300*500'),('开孔器钻头',7,NULL,4,'∅70'),('开孔器钻头',7,NULL,4,'∅64'),('消火栓箱',7,NULL,3,'1800*650*240'),('过滤吸收器',21,NULL,3,'RFP---1000'),('管式除尘器',21,NULL,3,'RFP---1000'),('管式除尘器',21,NULL,3,'型号：+LWP--X--1200    2块组合管式'),('螺纹阀门',8,NULL,3,'DN15'),('螺纹阀门',8,NULL,3,'DN32'),('铜鼻子',21,NULL,3,'10mm²'),('橡胶垫片',21,NULL,20,'DN200'),('橡胶垫片',21,NULL,20,'DN150'),('四通',9,NULL,3,'DN200'),('偏心大小头',9,NULL,3,'DN200*150'),('消火栓栓口',7,NULL,NULL,'DN65'),('卷盘铜枪头',7,NULL,3,'DN25'),('正三通',34,NULL,3,'DN65'),('可曲挠橡胶软接头',21,NULL,3,'DN200'),('焊接偏心大小头',9,NULL,3,'DN200×100'),('焊接同心大小头',9,NULL,3,'DN150×100'),('弯头',9,NULL,3,'DN200×90度'),('水表',8,NULL,4,'DN40'),('消防箱箱门',21,NULL,3,'1800*650（上箱门1180，下箱门620）'),('双层百叶风口',13,NULL,3,'600*250'),('双层百叶风口',13,NULL,3,'400*200'),('压力表表弯 ',NULL,NULL,3,'2.5MPa'),('N604电话模块',3,NULL,3,''),('防雨端子箱',21,NULL,4,'400*300'),('常开防火阀',13,NULL,3,'800*400'),('70°C防火（调节）阀',NULL,NULL,3,'1250*350'),('KBG管直接',NULL,NULL,3,'Φ16'),('HDPE管',NULL,NULL,1,'50'),('防火卷帘门',15,NULL,15,'5700*2500*1'),('卷帘门拆装费',21,NULL,14,''),('喷淋泵',11,NULL,6,'XBD5/45-SLS125'),('消火栓泵',11,NULL,6,'XBD8/10-SLS80'),('旋转栓',7,NULL,3,'DN65'),('承插中平三通',9,NULL,3,'100*100'),('多用式地上式消防水泵接合器',7,NULL,6,'SQD100-1.6'),('异径弯头',22,NULL,4,'DN25*15'),('短丝',22,NULL,4,'DN20'),('异径弯头',22,NULL,4,'DN25*20'),('消火栓箱',7,NULL,3,'1600*650*240'),('偏心大小头',9,NULL,3,'DN100*80'),('电缆',2,NULL,1,''),('风口调节阀',NULL,NULL,NULL,''),('端子箱',21,NULL,4,'250*350'),('消火栓箱',7,NULL,3,'1900*650*180'),('消火栓箱',7,NULL,3,'2000*700*240'),('保温棉',21,NULL,1,'DN60'),('电缆',NULL,NULL,1,'ZCN-YJV-3x10+3x25+E16'),('电缆',NULL,NULL,1,'ZCN-YJV-3x10+3x16+E16'),('电缆',NULL,NULL,1,'ZCN-YJY-3*35+1*16'),('电缆',NULL,NULL,1,'ZCN-YJY-3*50+1*25'),('信号蝶阀',8,NULL,4,'DN150'),('机械四通',9,NULL,3,'DN150*100'),('金属波纹管',21,NULL,3,'150'),('金属波纹管',21,NULL,3,'100'),('金属波纹管',21,NULL,3,'65'),('刚性防水套管',21,NULL,4,'DN150'),('刚性防水套管',21,NULL,4,'DN250'),('模块',3,NULL,3,'信号模块'),('电缆',2,NULL,1,'YJV-5*4'),('安全出口标志灯',20,NULL,3,''),('电气配管',21,NULL,1,'SC80'),('电气配管',21,NULL,1,'SC50'),('电气配管',21,NULL,1,'SC40'),('耐火电缆',2,NULL,1,'NH-YJV-3*35+2*16'),('耐火电缆',2,NULL,1,'NH-YJV-5*16'),('耐火电缆',2,NULL,1,'NH-YJV-5*10'),('耐火电缆',2,NULL,1,'NH-YJV-4*10'),('耐火电缆',2,NULL,1,'NH-YJV-4*6'),('消防高温排烟风机',13,NULL,6,'HTF-I-6.5，19000CMH,560Pa,5.5kw'),('消防高温排烟风机',13,NULL,6,'HTF-I-10，45679CMH,630Pa,15kw'),('消防高温排烟风机',13,NULL,6,'HTF-I-12，60000CMH,600Pa,18.5kw'),('280℃防火阀',13,NULL,3,'1250*630'),('280℃防火阀',13,NULL,3,'1600*500'),('电动百叶风口',13,NULL,3,'600*400'),('电动百叶风口',13,NULL,3,'800*600'),('电动百叶风口',13,NULL,3,'800*400'),('防雨百叶',13,NULL,3,'1200*600'),('防雨百叶',13,NULL,3,'1600*800'),('防雨百叶',13,NULL,3,'2400*700'),('帆布软接头',21,NULL,15,''),('玻镁风管',24,NULL,15,'18mm'),('挡烟垂壁',17,NULL,15,'玻镁18mm'),('PP-R管',21,NULL,1,'DN50'),('耐火电缆',2,NULL,1,'NH-YJV-3*4'),('低压碳钢管',1,NULL,1,'DN200'),('低压碳钢管',1,NULL,1,'DN150'),('低压碳钢管',1,NULL,1,'DN100'),('低压碳钢管',1,NULL,1,'DN65'),('橡胶减震垫',21,NULL,20,''),('刚性防水套管',21,NULL,4,'DN300'),('法兰软接头',21,NULL,4,'DN200'),('法兰软接头',21,NULL,4,'DN150'),('喷淋泵',11,NULL,6,'XBD6.1/40G-FLG，Q=40l/s,H=61m,P=45Kw'),('喷淋泵配电柜(APXF)',14,NULL,6,''),('耐火电缆',2,NULL,1,'NH-YJV22-3*95+1*50'),('单管荧光灯',29,NULL,5,''),('热镀锌扁铁',1,NULL,1,'40*4'),('人工接地极角钢',1,NULL,2,'50*5'),('PE对焊机弯头',1,NULL,5,'DN160*45°'),('PE对焊接弯头',1,NULL,5,'DN160*45°'),('丝扣法兰',9,NULL,3,'DN100'),('消火栓泵',11,NULL,6,'XBD5.1/20G-FLG，Q=25l/s,H=51m,P=22Kw'),('耐火电缆',2,NULL,1,'NH-YJV22-3*50+1*25'),('耐火电缆',2,NULL,1,'NH-YJV22-3*50'),('水箱',12,NULL,6,'4*4*2'),('水箱',12,NULL,6,'5*9*4'),('抢修器',21,NULL,3,'DN100*25'),('消防箱',7,NULL,4,'1750*700*180（1150+600）'),('双承弯头',21,NULL,3,'DN150*45'),('双承弯头',NULL,NULL,3,'DN150*45°'),('法兰片',9,NULL,20,'114'),('机械三通',9,NULL,3,'114*65'),('刚卡',9,NULL,3,'114'),('弯头',9,NULL,3,'114'),('上喷头',7,NULL,3,'15'),('下喷',7,NULL,3,'D15 '),('信号阀',3,NULL,3,'150'),('正三通',9,NULL,3,'165'),('四通',9,NULL,3,'165'),('阻燃控制电缆',2,NULL,1,'ZR-RVVP2-22-10*2.5'),('堵头',22,NULL,3,'DN40'),('堵头',22,NULL,3,'DN50'),('水带挂架',7,NULL,3,''),('枪头夹具',7,NULL,3,''),('4MM厚玻璃',7,NULL,18,'407*1020'),('4MM厚玻璃',7,NULL,18,'407*555'),('4MM厚玻璃',7,NULL,31,'1020*520'),('4MM厚玻璃',7,NULL,18,'520*555'),('消防箱',7,NULL,3,'1800*650'),('消防箱',7,NULL,3,'1200*700*220'),('消防箱',7,NULL,3,'1800*700*220'),('消防箱',7,NULL,3,'1800*700*180'),('消防箱',7,NULL,3,'1800*650*220'),('消防箱门框',7,NULL,4,'1600（1000+600）*700'),('消防箱门框',7,NULL,4,'1900（1280+620）*750'),('消防箱门框',7,NULL,4,'1900（1120+780）*750'),('弯头',9,NULL,3,'DN300*90度'),('高径法兰',9,NULL,4,'DN250'),('高径法兰',9,NULL,4,'DN300'),('机械三通',9,NULL,4,'DN159*80S'),('机械三通',9,NULL,4,'DN108×80S'),('不锈钢金属软管',21,NULL,2,'DN150*116KG×300'),('法兰片',9,NULL,4,'165'),('不锈钢水箱',NULL,NULL,NULL,'12*10*4米'),('钢卡',9,NULL,3,'DN150'),('焊接偏心大小头',1,NULL,3,'DN100*50'),('焊接大小头',1,NULL,3,'DN65*50'),('焊接法兰',1,NULL,20,'DN65'),('焊接法兰',1,NULL,20,'DN50'),('白漆',18,NULL,17,''),('消火栓箱门',7,NULL,4,'1800(1170+630)*650'),('沟槽式金属软接头',9,NULL,3,'DN150'),('消防箱',21,NULL,3,'1800*700*220'),('消火栓箱门',7,NULL,4,'1900(1280+620)*700'),('消火栓箱门',7,NULL,4,'1900(1120+780)*700'),('绿漆',18,NULL,17,''),('消防电话插孔',3,NULL,3,''),('常闭多叶送风口',13,NULL,3,'300*(1500+250)'),('重型井盖',19,NULL,5,'600'),('重型井盖',19,NULL,5,'500'),('抢修器',NULL,NULL,3,'DN150*250'),('法兰片',9,NULL,20,'65'),('卜申',22,NULL,3,'50*40'),('卜申',22,NULL,3,'50*32'),('刚卡',9,NULL,3,'65'),('多叶排烟口',24,NULL,3,'1100*(850+250)'),('280°常开防火阀',13,NULL,NULL,'630*200'),('70°常闭防火阀',13,NULL,NULL,'800*400'),('70°常闭防火阀',13,NULL,NULL,'600*400'),('70°常闭防火阀',13,NULL,NULL,'800*600'),('双层百叶风口（自带调节阀）',13,NULL,NULL,'800*600'),('双层百叶风口（自带调节阀）',13,NULL,5,'800*400'),('钢卡',9,NULL,3,'DN200'),('消防箱',7,NULL,3,'1750（1150+600）*750*180'),('防火风口',13,NULL,3,'320*320'),('双层百叶风口',13,NULL,3,'1000*800'),('双层百叶风口',13,NULL,3,'600*200'),('双层百叶风口',13,NULL,3,'800*630'),('埋地式暗杆弹性座封闸阀',8,NULL,3,'DN100'),('埋地式暗杆弹性座封闸阀',8,NULL,3,'DN150'),('切管机刀片',21,NULL,20,''),('信号模块',3,NULL,3,''),('固定电话',3,NULL,3,''),('继电器',21,NULL,5,'24V 带底座'),('焊接法兰',1,NULL,20,'159'),('堵头',NULL,NULL,3,'DN15'),('7CM短丝',1,NULL,4,'DN65'),('彩条布',21,NULL,15,''),('消火栓箱门',7,NULL,4,'1900(1120+780)*650*180'),('卷盘底座',7,NULL,4,''),('消火栓口',7,NULL,3,'DN65（普通栓）'),('消火栓口',7,NULL,3,'DN65（减压稳压栓）'),('消火栓口',7,NULL,3,''),('消防箱',7,NULL,3,'1600*750'),('D25消防阀开关把手、消火栓转盘螺帽',21,NULL,3,''),('PE抢修节',NULL,NULL,5,'DN200'),('机械三通',9,NULL,3,'159*80'),('短丝',22,NULL,3,'50'),('四通',1,NULL,3,'DN100'),('喷淋稳压泵',11,NULL,6,'XBD3.0/-32L'),('消防稳压泵',11,NULL,6,'XBD3.0/5-65L'),('气压罐',NULL,NULL,5,'V=300L'),('气压罐',NULL,NULL,NULL,'V=150L'),('玻璃',7,NULL,18,'1195*620'),('玻璃',7,NULL,18,'1100*515'),('焊接偏心大小头',NULL,NULL,3,'200*80'),('焊接同心大小头',NULL,NULL,3,'150*65'),('焊接法兰',NULL,NULL,3,'DN200'),('PE大小头',NULL,NULL,3,'110*90'),('PE三通',NULL,NULL,3,'90*90'),('UPVC弯头*45°（带检查口）',21,NULL,4,'De110'),('UPVC伸缩节',21,NULL,4,'De110'),('UPVC排水胶水',21,NULL,28,'500g'),('消防箱门框',7,NULL,NULL,'1800（1150+650）×700'),('消防箱门框',7,NULL,NULL,'1800（1170+630）×650'),('弯头',9,NULL,3,'159*22.5°'),('同心大小头',21,NULL,3,'DN150*125'),('同心大小头',21,NULL,3,'DN200*125'),('消火栓箱壳',36,NULL,3,'1800*700*200'),('自垂百叶风口',NULL,NULL,3,'600*600'),('压力表含表弯',28,NULL,3,'1.6MPA'),('桥架吊架',4,NULL,4,'50*50'),('单层百叶风口',21,NULL,3,'485*1430（240+1190）内径'),('减压阀',8,NULL,4,'DN100'),('广播功率放大器',3,NULL,3,''),('水带',7,NULL,25,''),('灭火器',7,NULL,3,'ABC----3KG'),('低烟无卤控制电缆',2,NULL,1,'WDZN-BYJ-8*1.5'),('低烟无卤控制电缆',2,NULL,1,'WDZN-BYJ-4*1.5'),('低烟无卤控制电缆',2,NULL,1,'WDZN-BYJ-2*2.5'),('低烟无卤控制电缆',2,NULL,1,'WDZN-BYJ-6*1.0'),('低烟无卤控制电缆',2,NULL,1,'WDZN-KYJY-7*1.5'),('低烟无卤控制电缆',2,NULL,1,'WDZN-BYJ-4*6'),('低烟无卤控制电缆',2,NULL,1,'WDZN-BYJ-4*4'),('排烟风机',13,NULL,6,'L=13900m/h H=534Pa N=4.0KW'),('排烟风机',13,NULL,6,'L=25400m/h H=451Pa N=5.5KW'),('排烟风机',13,NULL,6,'L=16870m/h H=608Pa N=5.5KW'),('送风机',13,NULL,6,'L=20000m/h H=396Pa N=4.0KW'),('排气扇',13,NULL,6,'L=500m3/h;N=0.06KW'),('280℃排烟防火阀',13,NULL,3,'∅900'),('280℃排烟防火阀',13,NULL,3,'1000*500'),('280℃排烟防火阀',13,NULL,3,'1800*630'),('280℃排烟防火阀',13,NULL,3,'2500*630'),('70℃防火调节阀',13,NULL,3,'1600*1000'),('70℃防火调节阀',13,NULL,3,'1600*2000'),('单层百叶风口',37,NULL,3,'500*400'),('消声风口',37,NULL,3,'1600*1000'),('消声风口',37,NULL,3,'1600*2000'),('消声器',13,NULL,4,'1000*500'),('消声器',13,NULL,4,'1800*630'),('消声器',13,NULL,4,'2500*630'),('防火卷帘门',15,NULL,15,''),('排风机',13,NULL,6,'L=16220m/h H=608Pa N=5.5KW'),('送风机',13,NULL,6,'L=16220m/h H=608Pa N=5.5KW'),('离心风机',13,NULL,6,'L=4670~9080m/h;H =1274~2036Pa N=5.5KW '),('离心风机',13,NULL,6,'L=3000~5000m/h;H=1400Pa;N=3KW'),('离心风机',13,NULL,6,'L=500m/h;H=860Pa;N=0.75KW'),('管道斜流风机',13,NULL,6,'L=2500m/h;H=388.53Pa;N=0.75KW'),('管道斜流风机',13,NULL,6,'L=6000m/h;H=350Pa;N=1.1Kw'),('70℃防火调节阀',13,NULL,4,'400*250'),('70℃防火调节阀',13,NULL,4,'∅400'),('70℃防火调节阀',13,NULL,4,'630*400'),('70℃防火调节阀',13,NULL,4,'500*320'),('70℃防火调节阀',13,NULL,4,'400*200'),('战时风管转换阀',13,NULL,3,'800*400'),('控制电缆',2,NULL,1,'ZCN-KYJV-10*1.5'),('电话模块',3,NULL,3,''),('温感',3,NULL,3,''),('保温棉',21,NULL,1,'DN40'),('电缆',2,NULL,1,'WDZN-YJY-3x95+1x50'),('电缆',2,NULL,1,'WDZN-YJY-3x95'),('电缆',2,NULL,1,'WDZN-YJY-4x10'),('电缆',2,NULL,1,'WDZN-YJY-3x10'),('正三通',22,NULL,3,'DN20'),('镀锌角铁',1,NULL,2,'5*50'),('混流风机',13,NULL,6,'风量29040m3/h  N=11KW  全压890PA'),('混流风机',13,NULL,6,'风量2000m/3h     N=0.66kw     全压245pa'),('混流风机',13,NULL,6,'风量29040m3/ h  N=11KW  全压890'),('70°C常开防火阀',13,NULL,3,'400*320'),('混流风机',13,NULL,6,'风量29040m3/H   N=11KW    全压890pa'),('混流风机',13,NULL,6,'风量2000m3/h     N=0.66kw   全压245pa'),('消防通风两用柜式离心风机',13,NULL,6,'风量24000/36000m3/h N=5.1/15.5kw  全压390/819pa'),('消防通风两用柜式离心风机',13,NULL,6,'风量24500/36000m3/h   N=5.1/15.5kw   全压390/820pa'),('消防通风两用柜式离心风机',13,NULL,6,'风量23000/35000m3/h  N=5.1/15.1kw   全压400/840pa'),('止回阀',13,NULL,4,'1000*1250'),('单层百叶带调节阀',13,NULL,6,'400*200'),('消防箱壳',7,NULL,4,'2000*700*240'),('消防箱门框',7,NULL,4,'1900（1120+780）*650'),('消防箱门框',7,NULL,4,'2000*700'),('排风扇',NULL,NULL,3,''),('防火卷帘门封堵',15,NULL,5,'2.7M高'),('钻头',21,NULL,4,'DN32'),('防火涂料',NULL,NULL,15,'厚型'),('液位计感应头',26,NULL,3,''),('消火栓箱门框',36,NULL,14,'1600*700'),('消火栓箱门框',36,NULL,NULL,'1600*710'),('消火栓箱门框',36,NULL,14,'1600*650'),('消火栓箱门框',36,NULL,14,'1400*650'),('水龙头',21,NULL,4,''),('同心大小头',1,NULL,3,'165*125'),('同心大小头',1,NULL,3,'165*100'),('橡胶软接头',8,NULL,3,'DN65'),('机械三通',9,NULL,NULL,'DN219'),('机械三通',9,NULL,4,'DN219*25'),('低烟无卤控制电缆',2,NULL,1,'WDZCN-KYJY-6*1.5'),('WDZN-KYJY-4*1.5',2,NULL,1,'WDZCN-KYJY-16*1.5'),('低烟无卤控制电缆',2,NULL,1,'WDZCN-KYJY-16*1.5'),('防火阀',7,NULL,3,'280°   、2800*500'),('防火阀',7,NULL,3,'280°、2800*500'),('消防排烟、通风两用离心风机',8,NULL,3,'8000M3/H、800RPM、300PA\\380/3/50、2.2KW'),('消防排烟通风两用离心风机箱',13,NULL,6,'EFY-4-B2-2 8000M3/H     800RPM  300PA  380/3/50VOLT/B/HZ   2.2KW'),('消防排烟通风两用离心风机箱',13,NULL,6,'EFY-4-B2-3 8000M3/H   800RPM   300PA   380/3/50VOLT/B/HZ   2.2KW'),('消防排烟通风两用离心风机箱',13,NULL,6,'EFY-4-B2-4 8000m3/h  800RPM   300PA   380/3/50VOLT/B/HZ   2.2KW'),('消防排烟通风两用离心风机箱',13,NULL,6,'EFY-4-1-1 28300M3/H   800RPM   300PA   380/3/50VOLT/B/HZ   11KW'),('消防排烟通风两用离心风机箱',13,NULL,6,'SF-4-B2-1 5000M3/H   1100RPM   300PA   380/3/50VOLT/B/HZ   3KW'),('消防排烟通风两用离心风机箱',13,NULL,6,'SF-4-B2-2 5000m3/h  11000RPM   300PA   380/3/50VOLT/B/HZ   3KW'),('消防排烟通风两用离心风机箱',13,NULL,6,'EFY-4-B1-1 13500M3/H  700RPM  450PA  380/3/50VOLT/B/HZ  11KW'),('消防排烟通风两用离心风机箱',13,NULL,6,'EFY-4-B1-2 22000M3/H   650RPM   450PA   380/3/50VOLT/B/HZ   15KW'),('消防排烟通风两用离心风机箱',13,NULL,6,'EFY-4-B1-3 22000M3/H   650RPM   450PA   380/3/50VOLT/B/HZ   15KW'),('消防排烟通风两用离心风机箱',13,NULL,3,'EF-4-1-1 23000M3/H   650RPM   400PA   380/3/50VOLT/B/HZ   15KW'),('消防排烟通风两用离心风机箱',13,NULL,6,'EF-4-1-2 9400M3/H   750RPM   300PA   380/3/50VOLT/B/HZ   5.5KW'),('球墨管三通',NULL,NULL,4,'DN150*100'),('球墨管90度弯头',NULL,NULL,4,'DN150*90°'),('球墨管45度',NULL,NULL,4,'DN150*45°'),('球墨管90度弯头',NULL,NULL,4,'DN100*90°'),('球墨管45度',NULL,NULL,4,'DN100*45°'),('球墨管胶圈',NULL,NULL,4,'DN150'),('球墨管胶圈',NULL,NULL,4,'DN100'),('球墨管胶圈',NULL,NULL,NULL,'DN200'),('球墨管45度弯头',NULL,NULL,4,'DN100'),('球墨管45度弯头',NULL,NULL,4,'DN150'),('油漆',18,NULL,17,''),('球墨管适配器',1,NULL,3,'DN150'),('不锈钢金属软管',21,NULL,2,'DN100*1.6KG×300'),('异径三通',22,NULL,3,'DN50*32*40'),('异径三通',22,NULL,3,'DN40*32*32'),('耐火控制电缆',2,NULL,1,'KVV-16*2.5'),('耐火控制电缆',2,NULL,1,'KVV-10*2.5'),('消火栓门框',7,NULL,4,'1900(1300+600)*750'),('焊接法兰',8,NULL,20,'32'),('阀门',8,NULL,3,'32'),('阀门',8,NULL,3,'50'),('焊接大小头',8,NULL,3,'100*32'),('大小头',8,NULL,3,'100*50'),('阀兰',8,NULL,20,'25'),('焊接阀兰',8,NULL,20,'50'),('橡胶软接头',8,NULL,3,'DN32'),('焊接偏心大小头',8,NULL,3,'100*32'),('焊接大小头',8,NULL,3,'100*50'),('焊接法兰',8,NULL,3,'25'),('y型过滤器',8,NULL,3,'DN32'),('六角外丝',22,NULL,3,'40'),('金属软管',21,NULL,3,'80'),('刚性接头',9,NULL,3,'80'),('消防箱',7,NULL,3,'70*70*22'),('消火栓门框',7,NULL,4,'800*650'),('自垂百叶',NULL,NULL,3,'500*400'),('3208外控电源板',NULL,NULL,3,''),('3208主机电源板',NULL,NULL,3,''),('主电备电进线板',NULL,NULL,3,''),('3208双回路板',NULL,NULL,3,''),('液位显示器',NULL,NULL,3,''),('端子箱',NULL,NULL,3,'300*400'),('碳钢调节阀-止回阀',13,NULL,4,'1250×500'),('止回阀',13,NULL,4,'1250×500'),('壁式轴流风机（配70度防火阀）EF-S-06',13,NULL,6,'风量600m3/h，余压50pa，电压220V，功率0.03KW'),('GST500开关板',3,NULL,18,''),('GST500液晶屏',3,NULL,18,''),('排烟风机',13,NULL,6,'HTFC(DT)-A-Ⅲ-NO30，L=,39060m3/h,H=446Pa,n=450rpm,N=11Kw'),('排烟风机',13,NULL,6,'HTFC(DT)-A-Ⅲ-NO30，L=,26880m3/h,H=455Pa,n=450rpm,N=11Kw'),('排烟风机',13,NULL,6,'HTFC(DT)-A-Ⅲ-NO30，L=,32840m3/h,H=459Pa,n=450rpm,N=11Kw'),('排烟风机',13,NULL,6,'HTFC(DT)-A-Ⅲ-NO33，L=,39849m3/h,H=551Pa,n=450rpm,N=15Kw'),('排烟风机',13,NULL,6,'HTFC(DT)-A-Ⅲ-NO33，L=,31765m3/h,H=435Pa,n=400rpm,N=11Kw'),('正压风机',13,NULL,6,'SWF(B)-Ⅰ-8.5,L=,29000m3/h,H=500Pa,N=7.5Kw'),('正压风机',13,NULL,6,'SWF(B)-Ⅰ-9,L=,40000m3/h,H=900Pa,N=18.5Kw'),('正压风机',13,NULL,6,'SWF(B)-Ⅰ-7,L=,18000m3/h,H=300Pa,N=3Kw'),('补风机',13,NULL,6,'SWF-Ⅰ-9,L=,34206m3/h,H=282Pa,N=5.5Kw,960rpm'),('补风机',13,NULL,6,'SWF-Ⅰ-8,L=,22424m3/h,H=292Pa,N=4Kw,960rpm'),('补风机',13,NULL,6,'SWF-Ⅰ-8,L=,16818m3/h,H=175Pa,N=1.5Kw,720rpm'),('补风机',13,NULL,6,'SWF-Ⅰ-8,L=,13977m3/h,H=232Pa,N=1.5Kw,720rpm'),('电站补风机（防爆电机）',13,NULL,6,'HL3-2A-NO8A，18394m3/h,H=597Pa,N=5.5Kw,960rpm'),('电站排烟风机（防爆电机）',13,NULL,6,'PYHL-14A-NO8A，19129m3/h,H=597Pa,N=5.5Kw,960rpm'),('排气风机',13,NULL,6,'SWF-Ⅰ-3#,L=,1606m3/h,H=236Pa,N=0.25Kw,1450rpm'),('排气风机',13,NULL,6,'SWF-Ⅰ-2.5#,L=,743m3/h,H=166Pa,N=0.18Kw,1450rpm'),('防火阀70°',13,NULL,3,'2600*500'),('防火阀70°',13,NULL,3,'1400*1600'),('防火阀70°',13,NULL,3,'600*1800'),('防火阀70°',13,NULL,3,'1200*1200'),('防火阀70°',13,NULL,3,'800*1200'),('防火阀70°',13,NULL,3,'1200*400'),('70°C防火阀',13,NULL,3,'320*200'),('防火阀70°',13,NULL,3,'250*250'),('70°C防火阀',13,NULL,3,'200*160'),('280℃防火阀',13,NULL,3,'2600*500'),('280℃防火阀',13,NULL,3,'2400*500'),('排烟防火阀280℃',13,NULL,3,'2200*500'),('排烟防火阀280℃',13,NULL,3,'700*320'),('排烟防火阀280℃',13,NULL,3,'600*1400'),('防火风口70°',37,NULL,4,'200*200'),('防火风口70°',37,NULL,4,'400*320'),('单层百叶风口',37,NULL,4,'1200*1200'),('单层百叶风口 ',37,NULL,4,'600*1800'),('单层百叶风口 ',37,NULL,4,'800*1200'),('单层百叶风口 ',37,NULL,4,'1400*1600'),('单层百叶风口(带调节阀) ',37,NULL,4,'500*320'),('管式消声器',16,NULL,3,'2600*500,L=1500'),('管式消声器',16,NULL,3,'2400*500,L=1500'),('管式消声器',16,NULL,3,'2200*500,L=1500'),('管式消声器',16,NULL,3,'600*1800,L=1000'),('管式消声器',16,NULL,3,'1200*1200,L=1000'),('管式消声器',16,NULL,3,'800*1200,L=1000'),('管式消声器',16,NULL,3,'1400*1600,L=1000'),('消声静压箱',16,NULL,3,'1000*1200*2000'),('双层百叶送风口',37,NULL,3,'1400*800'),('风量调节阀',13,NULL,3,'1200*630'),('止回阀',8,NULL,3,'∮159'),('超压自动排气活门',16,NULL,4,'Ps--b250'),('过滤器315',16,NULL,4,'+RFP----1000'),('管式除尘器D400',16,NULL,4,'粗过滤器+LWP--X--1200   2K块组合管式'),('钢卡',9,NULL,3,'DN140'),('混流风机',13,NULL,6,'2300m3/h,1450rpm,150pa,380V,0.55kw'),('信号闸阀',8,NULL,3,'DN150'),('防护阀门',8,NULL,3,'150'),('大小头',9,NULL,4,'165*25'),('水流指示器',8,NULL,3,'165*48'),('镀锌钢管',1,NULL,1,'20'),('弯头',22,NULL,3,'10'),('正三通',9,NULL,3,'114'),('弯头',22,NULL,3,'DN65×45度'),('油网',21,NULL,3,'4片组'),('油网',21,NULL,3,'12片组'),('法兰片',22,NULL,20,'DN50'),('机械三通',9,NULL,3,'DN80*40'),('大小头',9,NULL,3,'DN150*15'),('防爆感温探测器',3,NULL,3,''),('单层百叶风口',37,NULL,3,'320*200'),('单层百叶风口',37,NULL,4,'250*250'),('单层百叶风口',37,NULL,3,'400*320'),('单层百叶风口',37,NULL,3,'2000*800'),('单层百叶风口',37,NULL,3,'1500*1000'),('280度防烟防火阀',13,NULL,4,'1100*600'),('280度防烟防火阀',13,NULL,4,'D550'),('280度防烟防火阀',13,NULL,4,'2800*500'),('风管止回阀',13,NULL,4,'800*800'),('补心',22,NULL,3,'DN25*15'),('排烟风口',37,NULL,4,''),('排烟风口',37,NULL,4,'4000*1000'),('排烟风口',37,NULL,4,'5100*350'),('排烟风口',37,NULL,4,'4600*1000'),('排烟风口',37,NULL,4,'4350*1000'),('排烟风口',37,NULL,4,'4000*450'),('排烟风口',37,NULL,4,'1000*200'),('排烟风口',37,NULL,4,'6100*400'),('排烟风口',37,NULL,4,'5600*500'),('排烟风口',37,NULL,4,'3650*550'),('排烟风口',37,NULL,4,'3600*800'),('排烟风口',37,NULL,4,'1950*1300'),('排烟风口',37,NULL,4,'2400*950'),('排烟风口',37,NULL,4,'2300*600'),('排烟风口',37,NULL,4,'3500*850'),('排烟风口',37,NULL,4,'3450*450'),('排烟风口',37,NULL,4,'3400*450'),('排烟风口',37,NULL,4,'3250*500'),('排烟风口',37,NULL,4,'2800*500'),('排烟风口',37,NULL,4,'3450*750'),('排烟风口',37,NULL,4,'3450*600'),('排烟风口',37,NULL,4,'3450*550'),('排烟风口',37,NULL,4,'2500*600'),('排烟风口',37,NULL,4,'2450*550'),('承插中平三通',NULL,NULL,3,'200*100'),('排风口',37,NULL,4,'800*500'),('排烟风口',37,NULL,4,'2800*550'),('偏心大小头',22,NULL,3,'DN40*32'),('盖板',21,NULL,3,'100*50'),('流量测试装置',10,NULL,5,'DN150'),('焊接法兰',21,NULL,20,'DN165'),('气体灭火装置',3,NULL,4,'GQQ120*2/2.5'),('气体灭火装置',3,NULL,4,'GQQ120/2.5'),('紧急起停按钮',3,NULL,4,''),('风机控制箱',14,NULL,3,'PFJ3'),('风机配电箱',14,NULL,3,'AP-XF11'),('风机控制箱',14,NULL,3,'AP-XF12'),('风机配电箱',14,NULL,3,'AP-XF13'),('风机配电箱',14,NULL,3,'AP-XF14'),('风机配电箱',14,NULL,3,'AP-XF16'),('风机配电箱',14,NULL,3,'AP-XF15'),('风机配电箱',14,NULL,3,'AP-XF21'),('风机配电箱',14,NULL,3,'AP-XF22'),('风机配电箱',14,NULL,3,'AP-XF23'),('风机配电箱',14,NULL,3,'AP-XF24'),('风机配电箱',14,NULL,3,'AP-XF25'),('风机配电箱',14,NULL,3,'AP-XF26'),('双电源配电箱',14,NULL,3,'DK-ATCE-M7'),('双电源配电箱',14,NULL,3,'5-BATCE-M1'),('双电源配电箱',14,NULL,3,'12-RATCE-M1'),('双电源配电箱',14,NULL,3,'12-RATCE-M2'),('双电源配电箱',14,NULL,3,'12-BATCE-M1/M2'),('双电源配电箱',14,NULL,3,'10-RATCE-M1'),('双电源配电箱',14,NULL,3,'10-BATCE-M1'),('双电源配电箱',14,NULL,3,'11-RATCE-M1'),('双电源配电箱',14,NULL,3,'11-BATCE-M1'),('双电源配电箱',14,NULL,3,'6-RATCE-M1/M2'),('双电源配电箱',14,NULL,3,'6-BATCE-M1/M2'),('双电源配电箱',14,NULL,3,'7-RATCE-M1/M2'),('双电源配电箱',14,NULL,3,'7-BATCE-M1/M2'),('双电源配电箱',14,NULL,3,'9-RATCE-M1/M2'),('双电源配电箱',14,NULL,3,'9-1ATCE-M1'),('双电源配电箱',14,NULL,3,'9-BATCE-M2'),('双电源配电箱',14,NULL,3,'9-BATCE-M1'),('双电源配电箱',14,NULL,3,'3-RATCE-M1/M2'),('双电源配电箱',14,NULL,3,'5-RATCE-M1/M2'),('双电源配电箱',14,NULL,3,'1-RATCE-M1/M2'),('双电源配电箱',14,NULL,3,'1-BATCE-M1/M2'),('双电源配电箱',14,NULL,3,'2-RATCE-M1/M2'),('双电源配电箱',14,NULL,3,'2-1ATCE-M1/M2'),('双电源配电箱',13,NULL,3,'2-BATCE-M1/M2'),('消火栓箱壳 ',36,NULL,3,'1800*750*200'),('中大三通',22,NULL,3,'DN32*40*32'),('弯头',9,NULL,3,'DN150*30°'),('堵漏王',21,NULL,26,''),('配电箱',14,NULL,3,'DK-AMTE-M10'),('配电箱',14,NULL,3,'8-BATCE-M1'),('配电箱',14,NULL,3,'8-BATCE-M2'),('配电箱',14,NULL,3,'8-BATCE-M3'),('配电箱',14,NULL,3,'8-BATCE-M4'),('模块',3,NULL,4,'8301'),('端子排',7,NULL,25,''),('信号线',2,NULL,24,'NH-RVS-2*1.5'),('通讯线',2,NULL,24,'NH-RVVP-2*1.5'),('电线电缆',2,NULL,1,'NH-BV-2.5'),('强启线',2,NULL,1,'NH-BV-1.5'),('广播线',2,NULL,1,'NH-BV-1.5'),('水不漏',21,NULL,26,''),('浮球',8,NULL,3,'DN40'),('机械四通',9,NULL,3,'108*65'),('六角外丝',22,NULL,3,'50'),('六角外丝',22,NULL,3,'65'),('保温棉',21,NULL,1,'DN200'),('稳压泵控制柜',14,NULL,4,''),('低烟无卤控制电缆',2,NULL,1,'WDZCN-KYJY-8*1.5'),('金属波纹管（沟槽）',7,NULL,4,'108'),('金属波纹管（沟槽）',7,NULL,3,'159'),('自垂百叶',7,NULL,3,'450*450'),('自垂百叶',7,NULL,3,'460*460'),('自垂百叶',7,NULL,3,'470*470'),('自垂百叶',7,NULL,3,'440*440'),('自垂百叶',7,NULL,3,'480*480'),('不锈钢减压孔板',21,NULL,4,'DN50'),('UPVC',21,NULL,1,'DE25'),('PPR弯头',21,NULL,3,'DE25*90°'),('PPR弯头',21,NULL,1,'DE20*90°'),('PPR弯头',21,NULL,3,'DE20*90°'),('PPR等径三通',21,NULL,3,'DE20'),('PPR等径三通',21,NULL,3,'DE25'),('弯头',21,NULL,3,'DE50'),('弯头90°',21,NULL,3,'DE'),('弯头90°',21,NULL,3,'DE110'),('等径三通',21,NULL,3,'DE50'),('等径三通',21,NULL,3,'DE110'),('焊接弯头',1,NULL,3,'165'),('过滤器',8,NULL,3,'150'),('焊接弯头',1,NULL,3,'159'),('多叶排烟口',33,NULL,3,'1090*1090(840+250)'),('多叶排烟口',33,NULL,3,'890*890(640+250)'),('流量开关',8,NULL,3,'DN100'),('耐火屏蔽电缆',2,NULL,1,'NH-RVVP-2×2.5'),('电缆',2,NULL,1,'NH-YJV-4×10'),('电缆',2,NULL,1,'NH-YJV-4×6'),('电缆',2,NULL,1,'NH-YJV-4×70'),('电缆',2,NULL,1,'NH-YJV-3×70'),('电缆',2,NULL,1,'NH-YJV-4×25'),('电缆',2,NULL,1,'NH-YJV-3×25'),('机械三通',9,NULL,3,'DN108×25S'),('三通',22,NULL,3,'DN65×50×32'),('三通',22,NULL,3,'DN50×40×32'),('三通',22,NULL,3,'DN40×32×32'),('异径弯头',22,NULL,4,'DN65×25'),('机械三通',9,NULL,3,'DN65×25'),('内外丝弯头',22,NULL,3,'DN65'),('通风三防信号灯',16,NULL,3,''),('单层百叶风口',21,NULL,3,'2000(长）*800（高）内径'),('玻璃',7,NULL,18,'1800（1200+600）*750上玻璃'),('六角外丝',22,NULL,3,'15'),('弯头',22,NULL,3,'15'),('大小头',22,NULL,3,'25*20'),('六角外丝',22,NULL,3,'25'),('压力表',21,NULL,5,'2.5MPA、Y=100'),('铝皮保温',7,NULL,1,''),('油网',16,NULL,6,'4片组合'),('油网',16,NULL,6,'12片组合'),('多线盘',3,NULL,18,''),('手动盘',3,NULL,18,''),('消防箱',36,NULL,3,'1900*700*180'),('消防箱',36,NULL,3,'1800*650*180'),('电线电缆',2,NULL,24,'NH-BV-2.5'),('电线电缆',2,NULL,24,'NH-RVS-2*1.5'),('回路板维修',21,NULL,31,''),('电缆',2,NULL,1,'NH-KVV-4*1.5+2*2.5'),('排烟风机',13,NULL,6,'HTFC（A）-III-30 39060cmH，446pa，450rpm，11kw'),('排烟风机',13,NULL,6,'HTFC（A）-III-25 23300cmH，470Pa，550rpm，11kw'),('排烟风机',13,NULL,6,'HTFC（B）-III-30  33120cmH，358Pa，400rpm，7.5kw'),('排烟风机 ',13,NULL,6,'HTFC（A）-III-28  33980cmH，462Pa，500rpm，11kw'),('排烟风机',13,NULL,6,'HTFC（A）-III-20  14870cmH，469Pa，650rpm，5.5kw'),('排烟风机 ',13,NULL,6,'HTFC（B）-III-33  43032cmH，431Pa，400rpm，11kw'),('排风扇配70°防火阀',13,NULL,3,'L=500CMH N=25W'),('防火风口70°',13,NULL,NULL,'200*400'),('280°排烟防火阀',13,NULL,3,'2000*600'),('280°排烟防火阀',13,NULL,3,'1600*400'),('280°排烟防火阀',13,NULL,3,'2000*500'),('280°排烟防火阀',13,NULL,3,'1250*400'),('70°防火阀',13,NULL,3,'2400*500'),('消声器',13,NULL,3,'ZP100 2000*600'),('消声器',13,NULL,3,'2400*500'),('消声器',13,NULL,3,'ZP100  1250*400'),('消声静压箱',13,NULL,3,'1600*1000*630（H）'),('消声静压箱',13,NULL,3,'2000*1300*630'),('消声静压箱',13,NULL,3,'2200*1600*800'),('消声静压箱',13,NULL,3,'2700*1700*800（H）'),('消声静压箱',13,NULL,3,'2400*1600*800'),('消声静压箱',13,NULL,3,'2400*1450*800'),('消声静压箱',13,NULL,3,'2400*2400*630（H）'),('单百叶排风口（带调节阀）',13,NULL,3,'630*630'),('双百叶送风口',13,NULL,3,'2000*1600'),('双百叶送风口',13,NULL,3,'1600*1600'),('管道斜流风机',13,NULL,6,'6700cmH，500Pa，1450rpm，1.5kw'),('离心风机',NULL,NULL,6,'T4-72NO.3.5A 3184cmH，1495Pa，2900rpm，2.2kw'),('离心风机',13,NULL,6,'T4-79No.5A，7240cmH，726Pa，1450rpm，2.2kw'),('离心风机',13,NULL,6,'T4-79No.5A，2180cmH，1167Pa，2900rpm，1.5kw'),('管道斜流风机',13,NULL,6,'SUGNo.4.OF，1800cmH，410Pa，1450rpm，0.75kw'),('防爆型风机',13,NULL,NULL,'RFPF-D2，SWF-I-No.9,22000cmH，564pa'),('防爆型风机',13,NULL,NULL,'RFPF-D2，SWF-I-No.9,22000cmH，564pa,960rpm,5.5kw'),('单百叶风口',13,NULL,3,'400*400'),('防火阀70°',13,NULL,3,'500*250'),('单百叶风口',13,NULL,3,'630*400'),('微穿孔消声器',13,NULL,3,'630*400'),('微穿孔消声器',13,NULL,3,'800*500'),('微穿孔消声器',13,NULL,3,'630*320'),('微穿孔消声器',13,NULL,3,'800*320'),('微穿孔消声器',13,NULL,3,'400*250'),('消声静压箱',13,NULL,3,'600*600*1600（H）'),('消声静压箱',13,NULL,3,'2800*800*1600（H）'),('离心风机',13,NULL,6,'T4-79No.3A，2180cmH，1167Pa，2900rpm，1.5kw'),('线鼻子',21,NULL,4,'10平方线'),('线鼻子',21,NULL,4,'16平方线'),('线鼻子',21,NULL,4,'70平方线'),('线鼻子',21,NULL,4,'25平方线'),('70°C防火（调节）阀',13,NULL,3,'1590*580'),('70°C防火（调节）阀',13,NULL,3,'500*150'),('70°C防火（调节）阀',13,NULL,3,'380*380'),('70°C防火（调节）阀',13,NULL,3,'2000*1200'),('70°C防火（调节）阀',13,NULL,3,'2000*800'),('70°C防火（调节）阀',13,NULL,3,'800*300'),('70°C防火（调节）阀',13,NULL,3,'325*325'),('百叶',13,NULL,3,'320*320'),('百叶',13,NULL,3,' 300*(1500+250) '),('消火栓箱 ',7,NULL,5,'SG24D65Z-J 1800*700*240'),('消火栓箱',36,NULL,NULL,'1800（1020+780）*750*200'),('六角外丝',22,NULL,4,'32'),('阻燃耐火电线',2,NULL,1,'ZNH-RVVP-2*1.5'),('阻燃耐火电线',2,NULL,1,'ZN-BV-2.5'),('异径弯头',22,NULL,4,'25*15'),('百叶风口',37,NULL,3,'见附图'),('阻燃控制电缆',2,NULL,1,'ZR-KVV-4*6'),('阻燃控制电缆',2,NULL,1,'ZR-KVV-12*2.5'),('阻燃控制电缆',2,NULL,1,'ZR-KVV-37*1.5'),('风机拆装',13,NULL,6,''),('自动排气阀',8,NULL,4,'DN65'),('室外消火栓',7,NULL,5,'DN150'),('离心式送风机',13,NULL,6,'HTFC-III-NO12，3600m3/h 310pa 1.5kw'),('排风排烟双速离心风机',13,NULL,6,'HTFC-IV-NO12，7200m3/h 470pa 2.2kw 3000m3/h 270pa 1.1kw'),('排风排烟双速离心风机',13,NULL,6,'HTFC-IV-NO12，7200m3/h 470pa 2.2kw 4000m3/h 280pa 1.1kw'),('无机玻璃钢风管',24,NULL,15,''),('280℃防火阀',13,NULL,3,'1120*200'),('减震器',NULL,NULL,6,''),('柜式离心排风排烟机',13,NULL,6,'HTFC(DT)-A-III-No28#，19500m3/h 377Pa 7.5Kw'),('柜式离心排风排烟机',13,NULL,6,'HTFC(DT)-A-III-No28#，28800m3/h 472Pa 11Kw'),('柜式离心排风排烟机',13,NULL,6,'HTFC(DT)-A-III-No28#，34430m3/h 565Pa 15Kw'),('柜式离心排风排烟机',13,NULL,6,'HTFC(DT)-A-III-No30#，41440m3/h 562Pa 15Kw'),('柜式离心排风排烟机',13,NULL,6,'HTFC(DT)-A-III-No33#，48411m3/h 545Pa 15Kw'),('混流送风机',13,NULL,6,'SWF-I-NO10#，40598m3/h 329Pa 7.5Kw'),('混流送风机',13,NULL,6,'SWF-I-NO8#，22424m3/h 292Pa 4Kw'),('止回阀',13,NULL,4,'830*740'),('280℃防火阀',13,NULL,3,'3000*500'),('280℃防火阀',13,NULL,3,'830*740'),('70°C防火阀',13,NULL,3,'1600*1200'),('70°C防火阀',13,NULL,3,'2000*1600'),('消声器',13,NULL,3,'3000*500'),('PE钢丝网骨架塑料复合管',38,NULL,1,'DN150'),('PE钢丝网骨架塑料复合管',38,NULL,1,'DN100'),('水泵接合器井',19,NULL,12,''),('外网用套管接头',1,NULL,4,'DN80'),('外网用套管接头',1,NULL,4,'DN100'),('双平弯头',NULL,NULL,3,'DN200*45°'),('焊接弯头',NULL,NULL,3,'DN200*90°'),('抢修器',21,NULL,3,'DN150×250mm'),('消防箱门框',7,NULL,NULL,'1600（950+650）×700磨砂玻璃'),('机械三通',9,NULL,3,'DN165×40S'),('机械三通',9,NULL,3,'DN165×65S'),('机械三通',9,NULL,3,'DN165×25S'),('活接',22,NULL,3,'DN40'),('异径三通',22,NULL,3,'DN50×40×40'),('焊接法兰',1,NULL,20,'DN100'),('消防主机',3,NULL,5,''),('半硬质阻燃PE管',38,NULL,1,'DN32'),('半硬质阻燃PE管',38,NULL,1,'DN40'),('半硬质阻燃PE管',38,NULL,1,'DN50'),('半硬质阻燃PE管',38,NULL,1,'DN100'),('4MM厚玻璃',7,NULL,18,'56.8x51.8'),('4MM厚玻璃',7,NULL,18,'56.8x108.8'),('4MM厚玻璃',7,NULL,18,'51.8x108.8'),('焊接弯头',21,NULL,3,'DN65'),('控制电缆',2,NULL,1,'ZCN-KVV-5*2.5'),('控制电缆',2,NULL,1,'ZCN-KYJV-4*2.5'),('排气扇',13,NULL,6,'150m³/h，60pa，26W/220V'),('排气扇',13,NULL,6,'300m³/h，30pa，80W/220V'),('排气扇',13,NULL,6,'350m³/h，80pa，58W/220V'),('排气扇',13,NULL,6,'500m³/h，100pa，90W/220V'),('混流风机',13,NULL,6,'L=35000MCH H=1000pa N=15kw'),('柜式离心风机',13,NULL,6,'17500/2700m³/h，560/830rpm， 500/900pa  5.1/15.5kw'),('地库风机现场拆装',13,NULL,6,''),('风口阀体维修',13,NULL,3,''),('钢板',21,NULL,18,'80*80'),('70°C防火阀',13,NULL,4,'400*400'),('70°C防火阀',13,NULL,3,'250*200'),('70°C防火阀',13,NULL,3,'250*160'),('电动风量调节阀',13,NULL,4,'Φ630'),('止回阀',13,NULL,4,'Φ630'),('电动对开风量调节阀',13,NULL,4,'Φ800'),('止回阀',13,NULL,4,'Φ800'),('280°C防火阀',13,NULL,4,'800*1250'),('对开多叶调节阀',13,NULL,4,'1250*320'),('对开多叶调节阀',13,NULL,4,'1600*320'),('风量调节阀',13,NULL,4,'1000*250'),('风量调节阀',13,NULL,4,'800*250'),('风量调节阀',13,NULL,4,'1000*320'),('风量调节阀',13,NULL,4,'1600*320'),('风量调节阀',13,NULL,4,'630*200'),('消声器',13,NULL,4,'1000*1250'),('防火风口',37,NULL,4,'250*250'),('压差传感器',21,NULL,4,''),('远控多叶送风口',37,NULL,4,'800*1200'),('防火风口',37,NULL,4,'250*200'),('消声弯头',21,NULL,4,'800*1250'),('防火风口',37,NULL,4,'320*200'),('水流指示器',8,NULL,3,'200'),('信号蝶阀',8,NULL,3,'200'),('三通',9,NULL,3,'DN200*100'),('三通',22,NULL,3,'DN80*50*65'),('大小头',9,NULL,NULL,'DN200*25'),('消防箱',36,NULL,NULL,'1800（1200+600）*750*220'),('消防箱',36,NULL,NULL,'1800（1200+600）*750*200'),('异径三通',9,NULL,3,'DN219*108'),('电线电缆',2,NULL,1,'BV-1.0'),('电线电缆',2,NULL,1,'RVS-2*1.0'),('气压罐',12,NULL,4,'V=160L'),('增压泵',11,NULL,6,'Q=0.83L/s,H=78m,N=1.5kW'),('一体式水箱',12,NULL,5,'5200*3100*2100'),('信号蝶阀',8,NULL,4,'DN50'),('喷淋泵',11,NULL,6,'XBD8.0/30-100L Q=30L/S、H=80M、N=30KW'),('消火栓泵',11,NULL,6,'XBD5.0/10-65L Q=10L/S、H=50M、N=11KW'),('消防水箱补水泵',11,NULL,6,'Q=12m/h、H=45m、N=3Kw'),('吸水喇叭口',21,NULL,3,'DN65'),('消音止回阀',8,NULL,3,'DN150'),('缓闭止回阀',8,NULL,3,'DN100'),('缓闭止回阀',8,NULL,3,'DN50'),('电动阀',8,NULL,4,'DN150'),('液位计',26,NULL,4,'DN150'),('桥架',4,NULL,1,'150*100'),('阻燃控制电缆',2,NULL,1,'ZR-KVV-5*2.5'),('阻燃控制电缆',2,NULL,1,'ZR-KVV-19*2.5'),('阻燃控制电缆',2,NULL,1,'ZR-KVV-10*2.5'),('阻燃控制电缆',2,NULL,1,'ZR-KVV-7*1.5'),('耐火电缆',2,NULL,1,'NH-YJY-3*25+1*16'),('耐火电缆',2,NULL,1,'NH-YJY-4*4'),('排烟排风双速风机',13,NULL,6,'n=1450/960rpm,L=23274/15408m/h,H=878/388Pa,N=12/4Kw '),('排风机',13,NULL,6,'L=1020m/h,  H=126Pa,  N=0.18Kw'),('耐火电缆',2,NULL,1,'NH-YJV-4*4'),('排风机',13,NULL,6,'L=3636m/h,  H=175Pa,  N=0.37Kw'),('耐火电缆',2,NULL,1,'NH-YJV-4*2.5'),('风管止回阀',13,NULL,4,'φ788'),('多叶调节阀',13,NULL,4,'500*320'),('机三',NULL,NULL,3,'150*80'),('机三',NULL,NULL,3,'150*65'),('弯头',NULL,NULL,3,'150'),('中心钻',21,NULL,3,''),('排风口',37,NULL,4,'500*320'),('防火百叶风口',37,NULL,4,'500*500'),('耐火电缆',2,NULL,1,'NH-YJY-4*6'),('焊接风管',24,NULL,15,'3mm厚'),('手摇电动排风机',13,NULL,6,'L=500~1100m/h  H=1225~568Pa  N=0.75kW'),('干厕排风机',13,NULL,6,'n=1450rpm，  L=1606m/h , H=216Pa'),('电动脚踏两用风机',13,NULL,6,'电动时：n=3000r/min,  L=2701~1225m/h  H=843~1208Pa  N=1.1kW ;         脚踏时：n=2750r/min,  L=2720~1225m/h  H=521~1268Pa'),('单层百叶风口',37,NULL,4,'500*320'),('止回阀',13,NULL,4,'302*176'),('持压泄压阀',8,NULL,4,'DN150'),('排风机',13,NULL,6,'Q=4614CMH，H=257pa ， N=0.75KW'),('活性炭过滤器',21,NULL,6,''),('防雨百叶',13,NULL,4,'850*500'),('单层百叶风口',37,NULL,4,'800*550'),('柜式离心风机',13,NULL,6,'Q=30050CMH， H=526Pa  ,N=11Kw'),('边墙排风机',13,NULL,6,'Q=550m³/h， H=80Pa  N=50W'),('动态节流仪',16,NULL,6,'NB2000-10-11'),('橡胶软接头',8,NULL,3,'DN50'),('感温探测器',3,NULL,NULL,''),('水指信号阀模块',3,NULL,3,''),('消火栓普通内丝',7,NULL,3,'DN65'),('消防箱体更改',7,NULL,3,'1800（1150+650）×700'),('金属波纹管',8,NULL,3,'DN108'),('金属波纹管',8,NULL,3,'DN109'),('电线',2,NULL,1,'NH-RVS-2*1.5'),('隐蔽式下喷',10,NULL,3,'DN15 93℃'),('侧喷',10,NULL,3,'DN15,93℃'),('漏电报警模块',3,NULL,3,'400A'),('漏电报警模块',3,NULL,3,'250A'),('漏电报警模块',3,NULL,3,'160A'),('漏电报警模块',3,NULL,3,'63A'),('PVC吊卡',21,NULL,3,'De200'),('消声器',21,NULL,4,'630*1000'),('280°C防火阀',13,NULL,4,'1600*400'),('对开多叶调节阀',13,NULL,4,'1400*200'),('对开多叶调节阀',13,NULL,4,'1500*250'),('对开多叶调节阀',13,NULL,4,'1150*320'),('对开多叶调节阀',13,NULL,4,'850*320'),('单层百叶风口',37,NULL,4,'1400*200'),('抢修器',21,NULL,3,'DN150×500'),('信号蝶阀',8,NULL,4,'DN125'),('信号蝶阀',8,NULL,4,'DN100'),('消火栓箱门框玻璃',36,NULL,18,'57.8*86.8'),('消火栓箱门框玻璃',36,NULL,18,'57.8*50.8'),('消火栓箱门框玻璃',36,NULL,31,'51.8*87'),('消火栓箱门框玻璃',36,NULL,31,'50.8*51.8'),('消火栓箱门框玻璃',36,NULL,31,'51.8*86.8'),('消火栓箱门框玻璃',36,NULL,31,'56.8*88.8'),('消火栓箱门框玻璃',36,NULL,31,'56.8*68.8'),('消火栓箱门框玻璃',36,NULL,31,'56.8*50.8'),('消火栓箱门框玻璃',36,NULL,31,'56.8*86.8'),('稳压泵',11,NULL,6,''),('气压罐',11,NULL,6,''),('GST--5000火灾报警控制系统软件',3,NULL,5,''),('JB--QG--GST5000',3,NULL,5,''),('GST--9000',3,NULL,5,''),('GST--9000火灾报警控制系统软件',3,NULL,5,''),('JB--QG--GST9000火灾报警控制器（联动型）',7,NULL,5,''),('JB--QG--GST5000火灾报警控制器（联动型）',3,NULL,3,''),('LD--1000A5立式控制柜',3,NULL,6,''),('GST--LD--D06智能电源盘',3,NULL,6,''),('GST--CRT(SOFTWARE)彩色监控系统（软件）',3,NULL,5,''),('GST--NNET--02接口卡',3,NULL,18,''),('LWK5000联网接口卡',3,NULL,18,''),('LWK9000联网接口卡',3,NULL,31,''),('GST--XG9000A/500消防应急广播设备',3,NULL,5,''),('GST--GF500W广播功率放大器',3,NULL,4,''),('TS--GSTN60消防电话',3,NULL,3,''),('排风百叶',13,NULL,3,'1200*600'),('排风百叶',13,NULL,4,'980*580'),('风管止回阀',13,NULL,3,'D720'),('防火阀',13,NULL,3,'D720'),('自动喷漆',21,NULL,28,'黄色'),('自动喷漆',18,NULL,28,'黑色'),('自动喷漆',18,NULL,28,'白色'),('镀锌钢管',1,NULL,1,'DN25*3.25'),('镀锌钢管',1,NULL,1,'DN25*3.00'),('镀锌钢管',1,NULL,1,'DN200*5.50'),('镀锌钢管',1,NULL,1,'DN65*3.75'),('镀锌钢管',1,NULL,1,'DN65*3.50'),('镀锌钢管',1,NULL,1,'DN50*3.50'),('镀锌钢管',1,NULL,1,'DN50*3.25'),('镀锌钢管',1,NULL,1,'DN200*5.00'),('镀锌钢管',1,NULL,1,'DN80*4.00'),('镀锌钢管',1,NULL,1,'DN80*3.75'),('镀锌钢管',1,NULL,1,'DN40*3.50'),('镀锌钢管',1,NULL,1,'DN32*3.00'),('角铁',21,NULL,1,'3# 国标'),('角铁',21,NULL,1,'5# 国标'),('角铁',21,NULL,1,'5# 国标下一档'),('角铁',21,NULL,1,'3# 国标下一档'),('角铁',21,NULL,1,'4# 国标'),('角铁',21,NULL,1,'4# 国标下一档'),('中大三通',22,NULL,4,'50*65*50'),('沟槽式法兰',9,NULL,20,'DN100'),('活接',22,NULL,3,'DN20'),('橡塑保温板',NULL,NULL,15,'20mm厚'),('黑膜',NULL,NULL,26,'10CM 140卷/35kg/包'),('橡塑保温胶水',NULL,NULL,17,'10KG'),('重型井盖',19,NULL,5,'600*600 内径 含底座 “消防”字样'),('四通',22,NULL,3,'65*32'),('三通',22,NULL,3,'65*32'),('电线',2,NULL,1,'NH-RVB-2*1.5'),('PPR直接',21,NULL,1,'DN25'),('PPR直接',21,NULL,3,'DN25'),('平插',21,NULL,3,'DN100'),('水位标尺',8,NULL,2,'DN20'),('内外丝弯头',22,NULL,4,'DN25'),('排气扇',13,NULL,3,'L=800.H=40PA,N=30KW'),('消防箱门加长螺丝',36,NULL,5,''),('风机控制箱',2,NULL,3,'PFJ1'),('风机控制箱',2,NULL,3,'QSB1'),('广播（吸顶）',3,NULL,3,''),('电缆',2,NULL,1,'WDZN-KYJY-25*1.5'),('电缆',2,NULL,1,'WDZN-KYJY-18*1.5'),('电缆',2,NULL,1,'WDZN-KYJY-12*1.5'),('电缆',2,NULL,1,'WDZN-KYJY-25*2.5'),('电缆',2,NULL,1,'WDZN-KYJY-18*2.5'),('电缆',2,NULL,1,'WDZN-KYJY-4*2.5'),('电缆',2,NULL,1,'NH-KVV-18*2.5'),('电缆',2,NULL,1,'WDZN-YJY-4*1.5'),('感温探测器',3,NULL,3,''),('电缆',2,NULL,1,'WDZN-KYJY-14*1.5'),('电缆',2,NULL,1,'WDZN-KYJY-16*1.5'),('电缆',2,NULL,1,'WDZN-KYJY-2*2.5'),('电缆',2,NULL,1,'WDZN-KYJY-4*1.5'),('电线',2,NULL,1,'WDZN-BYJ-4*6'),('电线',2,NULL,1,'WDZN-BYJ-4*4'),('电线',2,NULL,1,'WDZN-BYJ-4*2.5'),('电线',2,NULL,1,'WDZN-BYJ-4*10'),('接线盒',21,NULL,5,'120型 H=40 含盖板 明装 塑料'),('自垂百叶',37,NULL,3,'600*500'),('液位显示yi',NULL,NULL,NULL,''),('液位显示器探头',21,NULL,3,''),('不锈钢金属波纹管',9,NULL,2,'DN65*16KG*300 带编织网'),('管卡三通',NULL,NULL,3,'DN200*100'),('球墨管抢修节',NULL,NULL,3,'DN200*250'),('轴流式消防排烟风机',13,NULL,6,'HTF-1-7 Q=30000M3/H      风压=450    W=11KW'),('电机',7,NULL,3,' 配离心机 4-7.0-3A 1.5KW'),('自垂百叶风口',37,NULL,3,'300*600'),('单层百叶风口',37,NULL,3,'380*380'),('声光',3,NULL,4,''),('手报',3,NULL,3,''),('不锈钢水箱',12,NULL,4,'1m*1m*2m高'),('防爆地漏',21,NULL,3,'DN65'),('铜闸阀',8,NULL,3,'DN20 旋转开关'),('4M厚玻璃',21,NULL,18,'470*570MM'),('双平缩管',NULL,NULL,3,'200*150'),('平扦',NULL,NULL,3,'DN150'),('止脱胶圈',7,NULL,3,'DN200'),('栓头减压稳压铜孔板',7,NULL,3,'DN65'),('电线电缆',2,NULL,1,'ZR-KVV16*1.5'),('电线电缆',2,NULL,1,'ZR-KVV26*1.5'),('消防排烟通风两用离心风机箱',13,NULL,3,'13500M3/H、700RPM、450PA、11KW'),('静音型排风机',13,NULL,6,'EF-4-B1-1 L=680MCH H=250pa H=0.1KW'),('静音型排风机',13,NULL,6,'EF-4-B1-2 L=750MCH H=250pa n=0.1KW'),('通风两用离心风机箱',13,NULL,6,'EF-4-B1-3 HTFC-I-10B L=1200MCH H=350pa N=1.1KW'),('通风两用离心风机箱',13,NULL,6,'EF-4-B1-4 HTFC-I-10B L=2850MCH H=350pa N=2.2KW'),('通风两用离心风机箱',13,NULL,6,'EF-4-B1-5 HTFC-I-10B L=3200MCH H=350pa N=2.2KW'),('通风两用离心风机箱',13,NULL,6,'EF-4-B1-6 HTFC-I-10B L=1400MCH H=400pa N=1.1KW'),('通风两用离心风机箱',13,NULL,6,'EF-4-B1-7 HTFC-I-10B L=2400MCH H=400pa N=2.2KW'),('消火栓箱门框',36,NULL,14,'1600*600'),('电缆',2,NULL,1,'ZCN-KVV10*1.5'),('电缆',2,NULL,1,'ZCN-KVV4*1.5'),('电缆',2,NULL,1,'ZCN-KVV2*1.5'),('玻璃胶',21,NULL,NULL,''),('绝缘板',21,NULL,15,'1000*2000*3/张'),('消火栓箱壳',7,NULL,3,'1900*750*240'),('风管止回阀',13,NULL,3,'500*150'),('风管止回阀',13,NULL,3,'1100*300'),('风管止回阀',13,NULL,3,'800*400'),('调节阀',13,NULL,3,'400*250'),('防火阀280°',13,NULL,3,'630*320'),('防火阀280°',13,NULL,3,'320*200'),('防火阀280°',13,NULL,3,'500*200'),('百叶风口',13,NULL,3,'790*490'),('百叶风口',13,NULL,3,'1000*450'),('自垂百叶',13,NULL,3,'900*450'),('防火阀70°',13,NULL,3,'800*100'),('风管止回阀',13,NULL,3,'800*100'),('防火阀70°',13,NULL,3,'500（高）*780（宽）、执行机构在下边'),('防火阀70°',13,NULL,3,'600*200'),('中大三通',22,NULL,3,'50*32*32'),('三通',22,NULL,3,'32*32*25'),('卷帘门',15,NULL,14,'5640*2700'),('卷帘门',15,NULL,14,'5640*2800'),('卷帘门',15,NULL,14,'5170*2900'),('卷帘门',15,NULL,14,'5160*3000'),('卷帘门',15,NULL,14,'6130*3000'),('卷帘门',15,NULL,14,'6290*2700'),('玻璃',7,NULL,18,'870*520'),('卡箍法兰',9,NULL,3,'DN100'),('开孔器',21,NULL,4,'80'),('开孔器',21,NULL,4,'70'),('开孔器',21,NULL,4,'64'),('开孔器',21,NULL,4,'51'),('内丝法兰',21,NULL,4,'DN80'),('内丝法兰',21,NULL,4,'DN65'),('弯头',22,NULL,3,'DN40*25'),('弯头',22,NULL,3,'DN32*25'),('单层百叶风口',21,NULL,3,'475*1420（240+1180）内径'),('玻璃丝布',NULL,NULL,24,''),('防腐沥青',NULL,NULL,17,''),('双平缩管',NULL,NULL,3,'DN150*100'),('双平缩管',NULL,NULL,3,'150*100'),('卡箍弯头',9,NULL,3,'DN100*22.5'),('卡箍弯头',9,NULL,3,'DN100*12.5'),('三通',22,NULL,3,'DN25*25*32'),('侧大三通',22,NULL,3,'D25*32*32'),('侧大三通',22,NULL,3,'DN25*32*40'),('侧大三通',22,NULL,3,'DN25*50*50'),('侧大三通',22,NULL,3,'DN40*80*80'),('侧大三通',22,NULL,3,'DN50*65*80'),('钢卡',9,NULL,3,'DN100'),('四通',22,NULL,3,'DN80*65'),('镀锌角铁',1,NULL,1,'4# 国标'),('镀锌角铁',1,NULL,1,'3# 国标'),('闷板',9,NULL,4,'DN100'),('卷帘门',15,NULL,14,'6110*2800'),('卷帘门',15,NULL,14,'6110*2700'),('卷帘门',15,NULL,14,'4240*2900'),('卷帘门',15,NULL,14,'5550*2700'),('电线',2,NULL,24,'NH-RVS-2.5'),('开关电源',3,NULL,3,'24V 350W'),('电缆',2,NULL,1,'KVV2*1.5'),('电缆',2,NULL,1,'KVV2*2.5'),('焊接弯头P1.6',NULL,NULL,NULL,'DN100'),('焊接弯头P1.6',NULL,NULL,NULL,'DN150'),('电缆',2,NULL,1,'ZCN-KVV 16*2.5'),('电缆',2,NULL,1,'ZCN-KVV 8*4'),('电缆',2,NULL,1,'ZCN-KVV 4*1.5'),('电缆',2,NULL,1,'ZCN-KVV 2*1.5'),('电线',2,NULL,1,'ZCN-RVS 2*2.5'),('电线',2,NULL,1,'ZCN-BV 4'),('双切换接线盒',3,NULL,3,''),('室外消火栓扳手',NULL,NULL,3,''),('骑马卡',21,NULL,3,'20'),('KBG管直接',21,NULL,3,'Φ20'),('抢修节',21,NULL,3,'DN150*250'),('屋顶水箱',12,NULL,4,'一体化安装'),('百叶（方钢框）',13,NULL,3,'2550*700'),('百叶（方钢框）',13,NULL,3,'3030*800（见图1）'),('百叶（方钢框）',13,NULL,3,'3630*600'),('百叶（方钢框）',13,NULL,3,'1950*400'),('百叶（方钢框）',13,NULL,3,'2700*400'),('百叶（方钢框）',13,NULL,3,'4140*750（图2）'),('百叶（方钢框）',13,NULL,3,'4200*500（图3）'),('百叶（方钢框）',13,NULL,3,'3650*900'),('百叶（方钢框）',13,NULL,3,'2300*1400（图4）'),('百叶（方钢框）',13,NULL,3,'3700*900（图5）'),('百叶（方钢框）',13,NULL,3,'3700*900（图6）'),('百叶（方钢框）',13,NULL,3,'2450*1000'),('百叶（方钢框）',13,NULL,3,'3900*700（图7）'),('百叶（方钢框）',13,NULL,3,'3800*850（图8）'),('百叶（防钢框）',13,NULL,3,'3230*650'),('百叶（方钢框）',13,NULL,3,'2300*650'),('百叶（防钢框）',13,NULL,3,'2700*800'),('百叶（防钢框）',13,NULL,3,'3350*700（图9）'),('百叶（方钢框）',13,NULL,3,'3500*650'),('百叶（方钢框）',13,NULL,3,'3500*650（图10）'),('百叶（方钢框）',13,NULL,3,'4350*1130'),('百叶（方钢框）',13,NULL,3,'5500*650'),('百叶（方钢框）',13,NULL,3,'3590*1000（图11）'),('绝缘橡胶垫',21,NULL,24,'1米*8米*3/卷'),('绝缘雨鞋',21,NULL,35,''),('液位显示屏',21,NULL,5,'双显示屏'),('电缆',2,NULL,1,'RVV-3*1.5'),('丝扣法兰',22,NULL,20,'DN50'),('丝口法兰',22,NULL,20,'DN50'),('端子箱',21,NULL,3,'400×300×200'),('6#槽钢',1,NULL,1,'6#'),('KBG管直接',NULL,NULL,3,'Φ25'),('骑马卡',21,NULL,3,'25'),('KBG管盒接',21,NULL,3,'Φ25'),('消防箱玻璃',36,NULL,18,'57*68.5'),('消防箱玻璃',36,NULL,18,'57*87'),('消防箱玻璃',36,NULL,18,'57*51'),('焊接法兰',1,NULL,20,'114'),('人防风机配电箱',14,NULL,3,'1控1 1.1kw'),('湿式报警阀配件',8,NULL,5,''),('双平短管',NULL,NULL,3,'DN100*300'),('双平短管',NULL,NULL,3,'DN150*300'),('KBG管盒接',21,NULL,3,'Φ20'),('红色自喷漆',18,NULL,28,''),('1.6MPa压力表',21,NULL,4,'DN15'),('球阀',8,NULL,4,'DN15'),('侧大三通',22,NULL,3,'DN40*15*32'),('侧大三通',22,NULL,3,'DN32*15*25'),('3208主板',3,NULL,5,'3208主板'),('消防泵电机维修',NULL,NULL,6,''),('抢修节',21,NULL,3,'DN100*250'),('抢修节',21,NULL,3,'DN150*350'),('卷帘门（铝合金，单帘）',15,NULL,14,'4350*2900'),('焊接弯头',1,NULL,4,'DN100'),('焊接弯头',22,NULL,4,'DN150'),('焊接三通',22,NULL,4,'DN100'),('丝接三通',22,NULL,3,'DN100'),('机械四通',9,NULL,3,'DN150*65*32');
/*!40000 ALTER TABLE `material_material` ENABLE KEYS */;
UNLOCK TABLES;

DROP TABLE IF EXISTS `material_unit`;
/*!40101 SET @saved_cs_client     = @@character_set_client */;
/*!40101 SET character_set_client = utf8 */;
CREATE TABLE `material_unit` (
  `id` int(11) NOT NULL AUTO_INCREMENT,
  `name` varchar(20) NOT NULL,
  PRIMARY KEY (`id`)
) ENGINE=InnoDB AUTO_INCREMENT=36 DEFAULT CHARSET=utf8;
/*!40101 SET character_set_client = @saved_cs_client */;

--
-- Dumping data for table `material_unit`
--

LOCK TABLES `material_unit` WRITE;
/*!40000 ALTER TABLE `material_unit` DISABLE KEYS */;
INSERT INTO `material_unit` VALUES (1,'m'),(2,'根'),(3,'只'),(4,'个'),(5,'套'),(6,'台'),(7,'kg'),(8,'组'),(10,'系统'),(11,'副'),(12,'座'),(13,'m3'),(14,'樘'),(15,'m2'),(17,'桶'),(18,'块'),(19,'箱'),(20,'片'),(22,'DN20'),(23,'部'),(24,'卷'),(25,'条'),(26,'袋'),(27,'罐'),(28,'瓶'),(29,'盏'),(30,'项'),(31,'块'),(32,'具'),(33,'弯头'),(34,'张'),(35,'双');
/*!40000 ALTER TABLE `material_unit` ENABLE KEYS */;
UNLOCK TABLES;

